signal,time,value,element_index
replay_left_torque_filelog,0,2.43420343797101,1
replay_left_torque_filelog,0.01,2.49096197666321,1
replay_left_torque_filelog,0.02,2.45315712489111,1
replay_left_torque_filelog,0.03,2.39380181961474,1
replay_left_torque_filelog,0.04,2.68047834657003,1
replay_left_torque_filelog,0.05,2.1655275011091,1
replay_left_torque_filelog,0.06,2.50739463253304,1
replay_left_torque_filelog,0.07,2.65411157539064,1
replay_left_torque_filelog,0.08,2.50586230796227,1
replay_left_torque_filelog,0.09,2.51733191549241,1
replay_left_torque_filelog,0.1,2.61105747559285,1
replay_left_torque_filelog,0.11,2.32063617077675,1
replay_left_torque_filelog,0.12,2.71880859037889,1
replay_left_torque_filelog,0.13,2.80011799670899,1
replay_left_torque_filelog,0.14,3.05889358658613,1
replay_left_torque_filelog,0.15,3.13580682090413,1
replay_left_torque_filelog,0.16,3.14472624171132,1
replay_left_torque_filelog,0.17,2.94013780983002,1
replay_left_torque_filelog,0.18,2.86523032729133,1
replay_left_torque_filelog,0.19,2.63894419919685,1
replay_left_torque_filelog,0.2,2.87466532417472,1
replay_left_torque_filelog,0.21,2.55497315912551,1
replay_left_torque_filelog,0.22,2.84604769402082,1
replay_left_torque_filelog,0.23,2.84356317560983,1
replay_left_torque_filelog,0.24,2.84643236431484,1
replay_left_torque_filelog,0.25,2.76755230204095,1
replay_left_torque_filelog,0.26,2.79483072427122,1
replay_left_torque_filelog,0.27,2.76466642451105,1
replay_left_torque_filelog,0.28,2.47241816997979,1
replay_left_torque_filelog,0.29,2.68745830545264,1
replay_left_torque_filelog,0.3,2.64523462414221,1
replay_left_torque_filelog,0.31,2.60437978094395,1
replay_left_torque_filelog,0.32,2.56999257773176,1
replay_left_torque_filelog,0.33,2.54118957946846,1
replay_left_torque_filelog,0.34,2.52014451920803,1
replay_left_torque_filelog,0.35,2.5040753248737,1
replay_left_torque_filelog,0.36,2.49233538109837,1
replay_left_torque_filelog,0.37,2.48186751239147,1
replay_left_torque_filelog,0.38,2.46748287604952,1
replay_left_torque_filelog,0.39,2.45024357826144,1
replay_left_torque_filelog,0.4,2.43098483789505,1
replay_left_torque_filelog,0.41,2.40994446489236,1
replay_left_torque_filelog,0.42,2.38619461442136,1
replay_left_torque_filelog,0.43,2.36133313308091,1
replay_left_torque_filelog,0.44,2.33686229172648,1
replay_left_torque_filelog,0.45,2.31437368385093,1
replay_left_torque_filelog,0.46,2.29425017495836,1
replay_left_torque_filelog,0.47,2.27565566985208,1
replay_left_torque_filelog,0.48,2.27540228410403,1
replay_left_torque_filelog,0.49,2.27008541813853,1
replay_left_torque_filelog,0.5,2.30805016596129,1
replay_left_torque_filelog,0.51,2.33707568671824,1
replay_left_torque_filelog,0.52,2.40765267260673,1
replay_left_torque_filelog,0.53,2.38361083348524,1
replay_left_torque_filelog,0.54,2.38597556596314,1
replay_left_torque_filelog,0.55,2.38162833673905,1
replay_left_torque_filelog,0.56,2.37278837577764,1
replay_left_torque_filelog,0.57,2.36360620495125,1
replay_left_torque_filelog,0.58,2.35625982469979,1
replay_left_torque_filelog,0.59,2.35324859105654,1
replay_left_torque_filelog,0.6,2.35411269065462,1
replay_left_torque_filelog,0.61,2.3589606833841,1
replay_left_torque_filelog,0.62,2.36751234278376,1
replay_left_torque_filelog,0.63,2.378346918221,1
replay_left_torque_filelog,0.64,2.38993023013641,1
replay_left_torque_filelog,0.65,2.39931144328794,1
replay_left_torque_filelog,0.66,2.40475224670169,1
replay_left_torque_filelog,0.67,2.40464680103509,1
replay_left_torque_filelog,0.68,2.40064796960876,1
replay_left_torque_filelog,0.69,2.39578856976739,1
replay_left_torque_filelog,0.7,2.39155776159143,1
replay_left_torque_filelog,0.71,2.38844685839089,1
replay_left_torque_filelog,0.72,2.38938770725236,1
replay_left_torque_filelog,0.73,2.39231971993389,1
replay_left_torque_filelog,0.74,2.39615519818036,1
replay_left_torque_filelog,0.75,2.39967631143397,1
replay_left_torque_filelog,0.76,2.40136048293256,1
replay_left_torque_filelog,0.77,2.40115653703944,1
replay_left_torque_filelog,0.78,2.39878834834439,1
replay_left_torque_filelog,0.79,2.39506512221989,1
replay_left_torque_filelog,0.8,2.39153093705351,1
replay_left_torque_filelog,0.81,2.38823473758281,1
replay_left_torque_filelog,0.82,2.38737610274902,1
replay_left_torque_filelog,0.83,2.38866885401424,1
replay_left_torque_filelog,0.84,2.39121044956987,1
replay_left_torque_filelog,0.85,2.39481887329816,1
replay_left_torque_filelog,0.86,2.39992147321388,1
replay_left_torque_filelog,0.87,2.40649657199758,1
replay_left_torque_filelog,0.88,2.41305926937942,1
replay_left_torque_filelog,0.89,2.41866461592855,1
replay_left_torque_filelog,0.9,2.42454001788937,1
replay_left_torque_filelog,0.91,2.43003307900706,1
replay_left_torque_filelog,0.92,2.43478212248717,1
replay_left_torque_filelog,0.93,2.44011978782271,1
replay_left_torque_filelog,0.94,2.44558644301448,1
replay_left_torque_filelog,0.95,2.45110527215033,1
replay_left_torque_filelog,0.96,2.45661954571246,1
replay_left_torque_filelog,0.97,2.4608074775307,1
replay_left_torque_filelog,0.98,2.46314657539578,1
replay_left_torque_filelog,0.99,2.46364896296808,1
replay_left_torque_filelog,1,2.46212059462098,1
replay_left_torque_filelog,1.01,2.45914512861557,1
replay_left_torque_filelog,1.02,2.45635134057341,1
replay_left_torque_filelog,1.03,2.45509109505525,1
replay_left_torque_filelog,1.04,2.45384462078562,1
replay_left_torque_filelog,1.05,2.45214780315721,1
replay_left_torque_filelog,1.06,2.44989838449539,1
replay_left_torque_filelog,1.07,2.44749049918753,1
replay_left_torque_filelog,1.08,2.44391906691985,1
replay_left_torque_filelog,1.09,2.43944280428308,1
replay_left_torque_filelog,1.1,2.43430347345194,1
replay_left_torque_filelog,1.11,2.42843667837748,1
replay_left_torque_filelog,1.12,2.42179206412335,1
replay_left_torque_filelog,1.13,2.41466307344834,1
replay_left_torque_filelog,1.14,2.40711503204591,1
replay_left_torque_filelog,1.15,2.39942041866164,1
replay_left_torque_filelog,1.16,2.37417556478384,1
replay_left_torque_filelog,1.17,2.39945291724734,1
replay_left_torque_filelog,1.18,2.38480031423356,1
replay_left_torque_filelog,1.19,2.37771580393923,1
replay_left_torque_filelog,1.2,2.37567435903585,1
replay_left_torque_filelog,1.21,2.42720280618781,1
replay_left_torque_filelog,1.22,2.36631951548044,1
replay_left_torque_filelog,1.23,2.35698537346359,1
replay_left_torque_filelog,1.24,2.34457117195565,1
replay_left_torque_filelog,1.25,2.33015262076497,1
replay_left_torque_filelog,1.26,2.31360069848311,1
replay_left_torque_filelog,1.27,2.29779862974508,1
replay_left_torque_filelog,1.28,2.28429207154883,1
replay_left_torque_filelog,1.29,2.27335032503197,1
replay_left_torque_filelog,1.3,2.26505943777028,1
replay_left_torque_filelog,1.31,2.25850159205969,1
replay_left_torque_filelog,1.32,2.25294428272937,1
replay_left_torque_filelog,1.33,2.24894513014044,1
replay_left_torque_filelog,1.34,2.24521784800736,1
replay_left_torque_filelog,1.35,2.24157506722628,1
replay_left_torque_filelog,1.36,2.38450568447604,1
replay_left_torque_filelog,1.37,2.23047192145283,1
replay_left_torque_filelog,1.38,2.22271058201209,1
replay_left_torque_filelog,1.39,2.21553716451611,1
replay_left_torque_filelog,1.4,2.20932213699313,1
replay_left_torque_filelog,1.41,2.20380752051524,1
replay_left_torque_filelog,1.42,2.19830873620401,1
replay_left_torque_filelog,1.43,2.19372385995483,1
replay_left_torque_filelog,1.44,2.18658870410045,1
replay_left_torque_filelog,1.45,2.17983068564363,1
replay_left_torque_filelog,1.46,2.17365882550024,1
replay_left_torque_filelog,1.47,2.16790482895668,1
replay_left_torque_filelog,1.48,2.16296785309938,1
replay_left_torque_filelog,1.49,2.15922091842118,1
replay_left_torque_filelog,1.5,2.15626395850775,1
replay_left_torque_filelog,1.51,2.15329308511577,1
replay_left_torque_filelog,1.52,2.15003295074184,1
replay_left_torque_filelog,1.53,2.12858751699824,1
replay_left_torque_filelog,1.54,2.13509876728464,1
replay_left_torque_filelog,1.55,2.12811067903112,1
replay_left_torque_filelog,1.56,2.12208104179515,1
replay_left_torque_filelog,1.57,2.12135578960419,1
replay_left_torque_filelog,1.58,2.11655206928417,1
replay_left_torque_filelog,1.59,2.53559227763695,1
replay_left_torque_filelog,1.6,2.20001464193672,1
replay_left_torque_filelog,1.61,2.21999806626764,1
replay_left_torque_filelog,1.62,2.24792559230195,1
replay_left_torque_filelog,1.63,2.26257559978737,1
replay_left_torque_filelog,1.64,2.27717714625306,1
replay_left_torque_filelog,1.65,2.28950339142224,1
replay_left_torque_filelog,1.66,2.29867303325389,1
replay_left_torque_filelog,1.67,2.30422376862809,1
replay_left_torque_filelog,1.68,2.30720526047154,1
replay_left_torque_filelog,1.69,2.31044318322249,1
replay_left_torque_filelog,1.7,2.31841051339024,1
replay_left_torque_filelog,1.71,2.33446316138084,1
replay_left_torque_filelog,1.72,2.3587902928161,1
replay_left_torque_filelog,1.73,2.3900896550078,1
replay_left_torque_filelog,1.74,2.4260757049482,1
replay_left_torque_filelog,1.75,2.46270142893952,1
replay_left_torque_filelog,1.76,2.49780795563128,1
replay_left_torque_filelog,1.77,2.53189979119497,1
replay_left_torque_filelog,1.78,2.56257422269856,1
replay_left_torque_filelog,1.79,2.57840260121921,1
replay_left_torque_filelog,1.8,2.42119155081882,1
replay_left_torque_filelog,1.81,2.63295516517494,1
replay_left_torque_filelog,1.82,2.65652062591738,1
replay_left_torque_filelog,1.83,2.68696426511827,1
replay_left_torque_filelog,1.84,2.731738208388,1
replay_left_torque_filelog,1.85,2.47456873504971,1
replay_left_torque_filelog,1.86,2.50220805121674,1
replay_left_torque_filelog,1.87,2.79604114491657,1
replay_left_torque_filelog,1.88,2.79830191981998,1
replay_left_torque_filelog,1.89,2.80611963699092,1
replay_left_torque_filelog,1.9,2.70081851511266,1
replay_left_torque_filelog,1.91,2.63892444891979,1
replay_left_torque_filelog,1.92,2.66042896782507,1
replay_left_torque_filelog,1.93,2.89578053128994,1
replay_left_torque_filelog,1.94,2.83754169544601,1
replay_left_torque_filelog,1.95,2.69408378818989,1
replay_left_torque_filelog,1.96,2.65799687717949,1
replay_left_torque_filelog,1.97,2.5164474054551,1
replay_left_torque_filelog,1.98,2.50002659818879,1
replay_left_torque_filelog,1.99,2.09198109099451,1
replay_left_torque_filelog,2,2.27771489605112,1
replay_left_torque_filelog,2.01,2.42465978570881,1
replay_left_torque_filelog,2.02,2.28034044579709,1
replay_left_torque_filelog,2.03,2.21070213276587,1
replay_left_torque_filelog,2.04,2.3835733797753,1
replay_left_torque_filelog,2.05,2.80395893040158,1
replay_left_torque_filelog,2.06,2.49842859495628,1
replay_left_torque_filelog,2.07,2.53466131521225,1
replay_left_torque_filelog,2.08,2.43488613961475,1
replay_left_torque_filelog,2.09,2.65074397133347,1
replay_left_torque_filelog,2.1,2.92285215520111,1
replay_left_torque_filelog,2.11,2.86375241757611,1
replay_left_torque_filelog,2.12,3.05344227794843,1
replay_left_torque_filelog,2.13,2.83263384167674,1
replay_left_torque_filelog,2.14,2.94321113676184,1
replay_left_torque_filelog,2.15,2.96363807897335,1
replay_left_torque_filelog,2.16,2.9853732505617,1
replay_left_torque_filelog,2.17,2.75331882213712,1
replay_left_torque_filelog,2.18,2.75640328359532,1
replay_left_torque_filelog,2.19,2.86414862482086,1
replay_left_torque_filelog,2.2,2.7685519442128,1
replay_left_torque_filelog,2.21,2.67697256676897,1
replay_left_torque_filelog,2.22,2.58842804573255,1
replay_left_torque_filelog,2.23,2.50082769892395,1
replay_left_torque_filelog,2.24,2.41633309875434,1
replay_left_torque_filelog,2.25,2.59004529009591,1
replay_left_torque_filelog,2.26,2.30973475217254,1
replay_left_torque_filelog,2.27,2.56969903225568,1
replay_left_torque_filelog,2.28,2.26880720662925,1
replay_left_torque_filelog,2.29,2.28440467004125,1
replay_left_torque_filelog,2.3,2.37007466765072,1
replay_left_torque_filelog,2.31,2.29486399792117,1
replay_left_torque_filelog,2.32,2.15804398489872,1
replay_left_torque_filelog,2.33,2.12423177845194,1
replay_left_torque_filelog,2.34,2.07621413166153,1
replay_left_torque_filelog,2.35,2.14998291747069,1
replay_left_torque_filelog,2.36,2.15780662279007,1
replay_left_torque_filelog,2.37,2.24621450557237,1
replay_left_torque_filelog,2.38,2.13499878403608,1
replay_left_torque_filelog,2.39,2.15700935990222,1
replay_left_torque_filelog,2.4,2.17453577516348,1
replay_left_torque_filelog,2.41,2.16842313775039,1
replay_left_torque_filelog,2.42,2.1536886923797,1
replay_left_torque_filelog,2.43,2.13390386526189,1
replay_left_torque_filelog,2.44,2.11889349688443,1
replay_left_torque_filelog,2.45,2.11075543070292,1
replay_left_torque_filelog,2.46,2.108997797978,1
replay_left_torque_filelog,2.47,2.11062395063183,1
replay_left_torque_filelog,2.48,2.1147491332808,1
replay_left_torque_filelog,2.49,2.12071056348871,1
replay_left_torque_filelog,2.5,2.12628547895595,1
replay_left_torque_filelog,2.51,2.13068699088845,1
replay_left_torque_filelog,2.52,2.13279553900287,1
replay_left_torque_filelog,2.53,2.12976971688827,1
replay_left_torque_filelog,2.54,2.12154947134536,1
replay_left_torque_filelog,2.55,2.10997743624743,1
replay_left_torque_filelog,2.56,2.09567947301043,1
replay_left_torque_filelog,2.57,2.07980332820618,1
replay_left_torque_filelog,2.58,2.06450204128781,1
replay_left_torque_filelog,2.59,2.04848255961151,1
replay_left_torque_filelog,2.6,2.22304919591731,1
replay_left_torque_filelog,2.61,2.01283200492889,1
replay_left_torque_filelog,2.62,2.14610177455223,1
replay_left_torque_filelog,2.63,2.10968410391175,1
replay_left_torque_filelog,2.64,2.12475988339737,1
replay_left_torque_filelog,2.65,2.22600655390132,1
replay_left_torque_filelog,2.66,2.1572086386843,1
replay_left_torque_filelog,2.67,2.15489910297614,1
replay_left_torque_filelog,2.68,2.17956569344968,1
replay_left_torque_filelog,2.69,2.18060781550145,1
replay_left_torque_filelog,2.7,2.18135377734681,1
replay_left_torque_filelog,2.71,2.17647849259829,1
replay_left_torque_filelog,2.72,2.17686390428367,1
replay_left_torque_filelog,2.73,2.18297458854261,1
replay_left_torque_filelog,2.74,2.18923598165645,1
replay_left_torque_filelog,2.75,2.19325249397004,1
replay_left_torque_filelog,2.76,2.19618490277311,1
replay_left_torque_filelog,2.77,2.19715047297483,1
replay_left_torque_filelog,2.78,2.19537012701772,1
replay_left_torque_filelog,2.79,2.18725290968405,1
replay_left_torque_filelog,2.8,2.17060754424201,1
replay_left_torque_filelog,2.81,2.14908176492003,1
replay_left_torque_filelog,2.82,2.24524158131531,1
replay_left_torque_filelog,2.83,2.22226223466257,1
replay_left_torque_filelog,2.84,2.08438715837389,1
replay_left_torque_filelog,2.85,2.27060582184485,1
replay_left_torque_filelog,2.86,2.14977367414326,1
replay_left_torque_filelog,2.87,2.11794607743814,1
replay_left_torque_filelog,2.88,2.28028985468001,1
replay_left_torque_filelog,2.89,2.23420432800923,1
replay_left_torque_filelog,2.9,2.16168688080716,1
replay_left_torque_filelog,2.91,2.17046454419439,1
replay_left_torque_filelog,2.92,2.29045345756008,1
replay_left_torque_filelog,2.93,2.1595535789011,1
replay_left_torque_filelog,2.94,2.14464049813921,1
replay_left_torque_filelog,2.95,2.12941377782051,1
replay_left_torque_filelog,2.96,2.11708879354369,1
replay_left_torque_filelog,2.97,2.10831343700697,1
replay_left_torque_filelog,2.98,2.10203035390469,1
replay_left_torque_filelog,2.99,2.09630973680589,1
replay_left_torque_filelog,3,2.08971092271217,1
replay_left_torque_filelog,3.01,2.08135371981979,1
replay_left_torque_filelog,3.02,2.05623261863166,1
replay_left_torque_filelog,3.03,2.04918902738513,1
replay_left_torque_filelog,3.04,2.0585648173598,1
replay_left_torque_filelog,3.05,2.18706402215347,1
replay_left_torque_filelog,3.06,2.32136728204328,1
replay_left_torque_filelog,3.07,2.22822339257482,1
replay_left_torque_filelog,3.08,2.08460919907009,1
replay_left_torque_filelog,3.09,2.34437010396345,1
replay_left_torque_filelog,3.1,2.12179596657357,1
replay_left_torque_filelog,3.11,2.04379872509573,1
replay_left_torque_filelog,3.12,2.31593372981595,1
replay_left_torque_filelog,3.13,2.34409287727464,1
replay_left_torque_filelog,3.14,2.43359550934669,1
replay_left_torque_filelog,3.15,2.38422034741828,1
replay_left_torque_filelog,3.16,2.39969624778776,1
replay_left_torque_filelog,3.17,2.33528429281457,1
replay_left_torque_filelog,3.18,2.28492730957753,1
replay_left_torque_filelog,3.19,2.53488352211888,1
replay_left_torque_filelog,3.2,2.43877067980105,1
replay_left_torque_filelog,3.21,2.12601566212056,1
replay_left_torque_filelog,3.22,2.30566219815022,1
replay_left_torque_filelog,3.23,2.23631615957818,1
replay_left_torque_filelog,3.24,2.35715996716557,1
replay_left_torque_filelog,3.25,2.07210104207213,1
replay_left_torque_filelog,3.26,2.37969702999123,1
replay_left_torque_filelog,3.27,2.18741552091719,1
replay_left_torque_filelog,3.28,2.08671690572985,1
replay_left_torque_filelog,3.29,2.3326154979645,1
replay_left_torque_filelog,3.3,2.16267946277243,1
replay_left_torque_filelog,3.31,2.22741019233926,1
replay_left_torque_filelog,3.32,2.28393057896115,1
replay_left_torque_filelog,3.33,2.18884037027742,1
replay_left_torque_filelog,3.34,2.23344658770411,1
replay_left_torque_filelog,3.35,2.22451010182552,1
replay_left_torque_filelog,3.36,2.23315966998079,1
replay_left_torque_filelog,3.37,2.23478267454485,1
replay_left_torque_filelog,3.38,2.52456857588186,1
replay_left_torque_filelog,3.39,2.2309496982294,1
replay_left_torque_filelog,3.4,2.20937454146457,1
replay_left_torque_filelog,3.41,2.18475988102919,1
replay_left_torque_filelog,3.42,2.15945150796529,1
replay_left_torque_filelog,3.43,2.26248000647448,1
replay_left_torque_filelog,3.44,2.170414773302,1
replay_left_torque_filelog,3.45,2.1720265898212,1
replay_left_torque_filelog,3.46,2.27260727747423,1
replay_left_torque_filelog,3.47,2.21610907211397,1
replay_left_torque_filelog,3.48,2.18074499981438,1
replay_left_torque_filelog,3.49,2.45848841702759,1
replay_left_torque_filelog,3.5,2.22353604596335,1
replay_left_torque_filelog,3.51,2.26570740356372,1
replay_left_torque_filelog,3.52,2.41052747628791,1
replay_left_torque_filelog,3.53,2.40778748048019,1
replay_left_torque_filelog,3.54,2.11133879051703,1
replay_left_torque_filelog,3.55,2.54251761861862,1
replay_left_torque_filelog,3.56,2.59966961012854,1
replay_left_torque_filelog,3.57,2.3845574519543,1
replay_left_torque_filelog,3.58,2.40784648748385,1
replay_left_torque_filelog,3.59,2.29990941981696,1
replay_left_torque_filelog,3.6,2.12896573476026,1
replay_left_torque_filelog,3.61,2.32278895925216,1
replay_left_torque_filelog,3.62,2.25573204331138,1
replay_left_torque_filelog,3.63,2.30613474971832,1
replay_left_torque_filelog,3.64,2.02908185605502,1
replay_left_torque_filelog,3.65,2.38376432269605,1
replay_left_torque_filelog,3.66,2.16356177621162,1
replay_left_torque_filelog,3.67,2.4086341767182,1
replay_left_torque_filelog,3.68,2.55849265199742,1
replay_left_torque_filelog,3.69,2.26409434036726,1
replay_left_torque_filelog,3.7,2.32214451088209,1
replay_left_torque_filelog,3.71,2.30619462004139,1
replay_left_torque_filelog,3.72,2.25845828013368,1
replay_left_torque_filelog,3.73,2.2720798564096,1
replay_left_torque_filelog,3.74,2.38601109395457,1
replay_left_torque_filelog,3.75,2.11359956236967,1
replay_left_torque_filelog,3.76,2.12585722459419,1
replay_left_torque_filelog,3.77,2.13998711475114,1
replay_left_torque_filelog,3.78,2.22094271316362,1
replay_left_torque_filelog,3.79,2.19349356187593,1
replay_left_torque_filelog,3.8,2.17819957845851,1
replay_left_torque_filelog,3.81,2.15297471653667,1
replay_left_torque_filelog,3.82,2.18807563741494,1
replay_left_torque_filelog,3.83,2.33208900340385,1
replay_left_torque_filelog,3.84,2.42791762380974,1
replay_left_torque_filelog,3.85,2.46105507177068,1
replay_left_torque_filelog,3.86,2.14831077106397,1
replay_left_torque_filelog,3.87,2.17315911846518,1
replay_left_torque_filelog,3.88,2.15647988852629,1
replay_left_torque_filelog,3.89,2.15578947052438,1
replay_left_torque_filelog,3.9,2.17036337219841,1
replay_left_torque_filelog,3.91,2.39190118552397,1
replay_left_torque_filelog,3.92,2.09874372217035,1
replay_left_torque_filelog,3.93,2.34715632723431,1
replay_left_torque_filelog,3.94,2.16013385101084,1
replay_left_torque_filelog,3.95,2.19543211175362,1
replay_left_torque_filelog,3.96,2.16598770319198,1
replay_left_torque_filelog,3.97,2.43040036474181,1
replay_left_torque_filelog,3.98,2.19689403537034,1
replay_left_torque_filelog,3.99,2.49080599731423,1
replay_left_torque_filelog,4,2.38252595083775,1
replay_left_torque_filelog,4.01,2.21598381413729,1
replay_left_torque_filelog,4.02,2.22626406388961,1
replay_left_torque_filelog,4.03,2.23143175841042,1
replay_left_torque_filelog,4.04,2.22993341230191,1
replay_left_torque_filelog,4.05,2.22655402579246,1
replay_left_torque_filelog,4.06,2.2227647638034,1
replay_left_torque_filelog,4.07,2.21871408013137,1
replay_left_torque_filelog,4.08,2.21581939370671,1
replay_left_torque_filelog,4.09,2.21428263008417,1
replay_left_torque_filelog,4.1,2.21308704712441,1
replay_left_torque_filelog,4.11,2.21055315859322,1
replay_left_torque_filelog,4.12,2.20604546997007,1
replay_left_torque_filelog,4.13,2.19872454577371,1
replay_left_torque_filelog,4.14,2.18871507438618,1
replay_left_torque_filelog,4.15,2.17290997469754,1
replay_left_torque_filelog,4.16,2.15609592359142,1
replay_left_torque_filelog,4.17,2.13610612187858,1
replay_left_torque_filelog,4.18,2.11570600087638,1
replay_left_torque_filelog,4.19,2.09449450106424,1
replay_left_torque_filelog,4.2,2.07487780066986,1
replay_left_torque_filelog,4.21,2.05472925959323,1
replay_left_torque_filelog,4.22,2.04259407157516,1
replay_left_torque_filelog,4.23,2.13685385298506,1
replay_left_torque_filelog,4.24,2.24818805954431,1
replay_left_torque_filelog,4.25,2.22623774816691,1
replay_left_torque_filelog,4.26,2.09916004918017,1
replay_left_torque_filelog,4.27,2.113528187527,1
replay_left_torque_filelog,4.28,2.1112635922306,1
replay_left_torque_filelog,4.29,2.08211482134425,1
replay_left_torque_filelog,4.3,2.05940078973826,1
replay_left_torque_filelog,4.31,2.02525617448773,1
replay_left_torque_filelog,4.32,1.99433745106627,1
replay_left_torque_filelog,4.33,1.95549701065047,1
replay_left_torque_filelog,4.34,2.35040768676969,1
replay_left_torque_filelog,4.35,1.94919457163993,1
replay_left_torque_filelog,4.36,1.99051439723683,1
replay_left_torque_filelog,4.37,2.18203817230697,1
replay_left_torque_filelog,4.38,2.06125515360223,1
replay_left_torque_filelog,4.39,2.2988486216765,1
replay_left_torque_filelog,4.4,2.13005119838593,1
replay_left_torque_filelog,4.41,2.14390892469812,1
replay_left_torque_filelog,4.42,2.14927707877901,1
replay_left_torque_filelog,4.43,2.14994726651379,1
replay_left_torque_filelog,4.44,2.15017690962654,1
replay_left_torque_filelog,4.45,2.15166788171935,1
replay_left_torque_filelog,4.46,2.1588023286198,1
replay_left_torque_filelog,4.47,2.17667479164578,1
replay_left_torque_filelog,4.48,2.20686376206766,1
replay_left_torque_filelog,4.49,2.24563065067803,1
replay_left_torque_filelog,4.5,2.28839066484808,1
replay_left_torque_filelog,4.51,2.32724608396989,1
replay_left_torque_filelog,4.52,2.3519244482218,1
replay_left_torque_filelog,4.53,2.36183690819179,1
replay_left_torque_filelog,4.54,2.36311490195274,1
replay_left_torque_filelog,4.55,2.35956734945665,1
replay_left_torque_filelog,4.56,2.35184627884936,1
replay_left_torque_filelog,4.57,2.33856537370201,1
replay_left_torque_filelog,4.58,2.32020961597252,1
replay_left_torque_filelog,4.59,2.29889073662416,1
replay_left_torque_filelog,4.6,2.2765061758442,1
replay_left_torque_filelog,4.61,2.25502121764814,1
replay_left_torque_filelog,4.62,2.23424982114484,1
replay_left_torque_filelog,4.63,2.21156273627682,1
replay_left_torque_filelog,4.64,2.18062889576313,1
replay_left_torque_filelog,4.65,2.46989460285315,1
replay_left_torque_filelog,4.66,2.424160739415,1
replay_left_torque_filelog,4.67,2.24758400213072,1
replay_left_torque_filelog,4.68,2.21995828839557,1
replay_left_torque_filelog,4.69,2.26691371304508,1
replay_left_torque_filelog,4.7,2.24690384252521,1
replay_left_torque_filelog,4.71,2.15581065151275,1
replay_left_torque_filelog,4.72,2.4363763260714,1
replay_left_torque_filelog,4.73,2.0806442130205,1
replay_left_torque_filelog,4.74,2.06866977124337,1
replay_left_torque_filelog,4.75,2.25234441230871,1
replay_left_torque_filelog,4.76,2.11159096815142,1
replay_left_torque_filelog,4.77,2.11835270016606,1
replay_left_torque_filelog,4.78,2.13922532416515,1
replay_left_torque_filelog,4.79,2.16387258665195,1
replay_left_torque_filelog,4.8,2.17112225521605,1
replay_left_torque_filelog,4.81,2.17116660971137,1
replay_left_torque_filelog,4.82,2.16421565902776,1
replay_left_torque_filelog,4.83,2.14920799934604,1
replay_left_torque_filelog,4.84,2.12978920236924,1
replay_left_torque_filelog,4.85,2.10715140946311,1
replay_left_torque_filelog,4.86,2.08572657397482,1
replay_left_torque_filelog,4.87,2.07052479942433,1
replay_left_torque_filelog,4.88,2.06147814988412,1
replay_left_torque_filelog,4.89,2.05509291575404,1
replay_left_torque_filelog,4.9,2.04988038779387,1
replay_left_torque_filelog,4.91,2.04206969611623,1
replay_left_torque_filelog,4.92,2.03653044491771,1
replay_left_torque_filelog,4.93,2.31617792229393,1
replay_left_torque_filelog,4.94,2.02830157895447,1
replay_left_torque_filelog,4.95,2.14269658979652,1
replay_left_torque_filelog,4.96,2.41665385486267,1
replay_left_torque_filelog,4.97,2.12179934716299,1
replay_left_torque_filelog,4.98,2.14786708318724,1
replay_left_torque_filelog,4.99,2.48902225434491,1
replay_left_torque_filelog,5,2.17853499749807,1
replay_left_torque_filelog,5.01,2.19452240619282,1
replay_left_torque_filelog,5.02,2.21593989327153,1
replay_left_torque_filelog,5.03,2.24072385636448,1
replay_left_torque_filelog,5.04,2.26841681419667,1
replay_left_torque_filelog,5.05,2.29605540735318,1
replay_left_torque_filelog,5.06,2.3236238190261,1
replay_left_torque_filelog,5.07,2.35063553004889,1
replay_left_torque_filelog,5.08,2.3773083710317,1
replay_left_torque_filelog,5.09,2.40386976064253,1
replay_left_torque_filelog,5.1,2.43158474235005,1
replay_left_torque_filelog,5.11,2.46134146560528,1
replay_left_torque_filelog,5.12,2.49318662046065,1
replay_left_torque_filelog,5.13,2.53395766079785,1
replay_left_torque_filelog,5.14,2.54572696277876,1
replay_left_torque_filelog,5.15,2.59447529152953,1
replay_left_torque_filelog,5.16,2.62811972775947,1
replay_left_torque_filelog,5.17,2.66262335984976,1
replay_left_torque_filelog,5.18,2.69426944333422,1
replay_left_torque_filelog,5.19,2.74001600302556,1
replay_left_torque_filelog,5.2,2.76101953543247,1
replay_left_torque_filelog,5.21,2.78996016092709,1
replay_left_torque_filelog,5.22,2.8148865508195,1
replay_left_torque_filelog,5.23,2.84891803547936,1
replay_left_torque_filelog,5.24,2.84031675613128,1
replay_left_torque_filelog,5.25,2.82483980233705,1
replay_left_torque_filelog,5.26,2.51093182228384,1
replay_left_torque_filelog,5.27,2.7644827842333,1
replay_left_torque_filelog,5.28,2.75356963692561,1
replay_left_torque_filelog,5.29,2.73581241149603,1
replay_left_torque_filelog,5.3,2.75513686152331,1
replay_left_torque_filelog,5.31,2.76009576896196,1
replay_left_torque_filelog,5.32,2.77992929576037,1
replay_left_torque_filelog,5.33,2.76566015023958,1
replay_left_torque_filelog,5.34,2.76463161505175,1
replay_left_torque_filelog,5.35,2.76180219232142,1
replay_left_torque_filelog,5.36,2.75790672620644,1
replay_left_torque_filelog,5.37,2.7522787640011,1
replay_left_torque_filelog,5.38,2.74705249224261,1
replay_left_torque_filelog,5.39,2.74306556511427,1
replay_left_torque_filelog,5.4,2.75179089123929,1
replay_left_torque_filelog,5.41,2.73947655205355,1
replay_left_torque_filelog,5.42,2.51400685328694,1
replay_left_torque_filelog,5.43,2.7451065566334,1
replay_left_torque_filelog,5.44,2.7479319488939,1
replay_left_torque_filelog,5.45,2.75413893555716,1
replay_left_torque_filelog,5.46,2.75947629420508,1
replay_left_torque_filelog,5.47,2.7637349697704,1
replay_left_torque_filelog,5.48,2.76510786091158,1
replay_left_torque_filelog,5.49,2.76519369745722,1
replay_left_torque_filelog,5.5,2.76452333046982,1
replay_left_torque_filelog,5.51,2.76394783955914,1
replay_left_torque_filelog,5.52,2.76459084777829,1
replay_left_torque_filelog,5.53,2.7663761501433,1
replay_left_torque_filelog,5.54,2.76881669734269,1
replay_left_torque_filelog,5.55,2.77219383427041,1
replay_left_torque_filelog,5.56,2.77732442920325,1
replay_left_torque_filelog,5.57,2.78229674062408,1
replay_left_torque_filelog,5.58,2.78869526065445,1
replay_left_torque_filelog,5.59,2.79819523130954,1
replay_left_torque_filelog,5.6,2.80866819182379,1
replay_left_torque_filelog,5.61,2.5578265837726,1
replay_left_torque_filelog,5.62,2.83045271259598,1
replay_left_torque_filelog,5.63,2.84140193346713,1
replay_left_torque_filelog,5.64,2.85277343800706,1
replay_left_torque_filelog,5.65,2.86581313756276,1
replay_left_torque_filelog,5.66,2.88096776521885,1
replay_left_torque_filelog,5.67,2.53616840372513,1
replay_left_torque_filelog,5.68,2.90520412197763,1
replay_left_torque_filelog,5.69,2.8723501384276,1
replay_left_torque_filelog,5.7,2.85326202236535,1
replay_left_torque_filelog,5.71,2.78421168496343,1
replay_left_torque_filelog,5.72,2.84467127900829,1
replay_left_torque_filelog,5.73,2.82955485600799,1
replay_left_torque_filelog,5.74,2.82237217303388,1
replay_left_torque_filelog,5.75,2.82355854380426,1
replay_left_torque_filelog,5.76,2.81356785509846,1
replay_left_torque_filelog,5.77,2.81363826190639,1
replay_left_torque_filelog,5.78,2.81627335188293,1
replay_left_torque_filelog,5.79,2.82680715212918,1
replay_left_torque_filelog,5.8,2.8432160435341,1
replay_left_torque_filelog,5.81,2.86491423918854,1
replay_left_torque_filelog,5.82,2.89244103370021,1
replay_left_torque_filelog,5.83,2.92466046204325,1
replay_left_torque_filelog,5.84,2.9588975523153,1
replay_left_torque_filelog,5.85,3.00757441355,1
replay_left_torque_filelog,5.86,3.00687221996629,1
replay_left_torque_filelog,5.87,2.9275459128843,1
replay_left_torque_filelog,5.88,2.81485089644221,1
replay_left_torque_filelog,5.89,2.84995429232172,1
replay_left_torque_filelog,5.9,2.58003903230499,1
replay_left_torque_filelog,5.91,2.70450692753064,1
replay_left_torque_filelog,5.92,2.93122862961706,1
replay_left_torque_filelog,5.93,2.90495908350159,1
replay_left_torque_filelog,5.94,2.92070413125674,1
replay_left_torque_filelog,5.95,2.91271278476915,1
replay_left_torque_filelog,5.96,2.86187080738909,1
replay_left_torque_filelog,5.97,2.821529419574,1
replay_left_torque_filelog,5.98,2.78984928809771,1
replay_left_torque_filelog,5.99,2.76522983865795,1
replay_left_torque_filelog,6,2.74444256481244,1
replay_left_torque_filelog,6.01,2.7243164654875,1
replay_left_torque_filelog,6.02,2.70686561200265,1
replay_left_torque_filelog,6.03,2.69413966712061,1
replay_left_torque_filelog,6.04,2.68873547415666,1
replay_left_torque_filelog,6.05,2.68893579175957,1
replay_left_torque_filelog,6.06,2.69232498983904,1
replay_left_torque_filelog,6.07,2.70012310488018,1
replay_left_torque_filelog,6.08,2.70790586240957,1
replay_left_torque_filelog,6.09,2.71495521575766,1
replay_left_torque_filelog,6.1,2.72169530647221,1
replay_left_torque_filelog,6.11,2.72808654601259,1
replay_left_torque_filelog,6.12,2.73437722165966,1
replay_left_torque_filelog,6.13,2.74076029248968,1
replay_left_torque_filelog,6.14,2.75051423987407,1
replay_left_torque_filelog,6.15,2.76192555206742,1
replay_left_torque_filelog,6.16,2.79014666286879,1
replay_left_torque_filelog,6.17,2.79484294599544,1
replay_left_torque_filelog,6.18,2.60984466455185,1
replay_left_torque_filelog,6.19,2.81561028230701,1
replay_left_torque_filelog,6.2,2.84134086881922,1
replay_left_torque_filelog,6.21,2.83141496483265,1
replay_left_torque_filelog,6.22,2.71606416176003,1
replay_left_torque_filelog,6.23,2.87608859167731,1
replay_left_torque_filelog,6.24,2.86723228046763,1
replay_left_torque_filelog,6.25,2.88889454999061,1
replay_left_torque_filelog,6.26,2.68711159997326,1
replay_left_torque_filelog,6.27,2.91072397106688,1
replay_left_torque_filelog,6.28,2.75496365434499,1
replay_left_torque_filelog,6.29,2.93494122293172,1
replay_left_torque_filelog,6.3,2.93047708629522,1
replay_left_torque_filelog,6.31,2.9406493459777,1
replay_left_torque_filelog,6.32,2.89708741946782,1
replay_left_torque_filelog,6.33,2.90204247155239,1
replay_left_torque_filelog,6.34,2.78576419949064,1
replay_left_torque_filelog,6.35,2.90724823275648,1
replay_left_torque_filelog,6.36,2.69715422713652,1
replay_left_torque_filelog,6.37,2.67005471442095,1
replay_left_torque_filelog,6.38,2.76797924453306,1
replay_left_torque_filelog,6.39,2.7467631728102,1
replay_left_torque_filelog,6.4,2.73088491737164,1
replay_left_torque_filelog,6.41,2.70738038122762,1
replay_left_torque_filelog,6.42,2.67195291629991,1
replay_left_torque_filelog,6.43,2.77145436850998,1
replay_left_torque_filelog,6.44,2.55232307576567,1
replay_left_torque_filelog,6.45,2.67070872876384,1
replay_left_torque_filelog,6.46,2.61840825240542,1
replay_left_torque_filelog,6.47,2.52498011589923,1
replay_left_torque_filelog,6.48,2.3991612336445,1
replay_left_torque_filelog,6.49,2.69970557120001,1
replay_left_torque_filelog,6.5,2.57966146588676,1
replay_left_torque_filelog,6.51,2.40768357455623,1
replay_left_torque_filelog,6.52,2.53669752359479,1
replay_left_torque_filelog,6.53,2.24775694083612,1
replay_left_torque_filelog,6.54,2.29851870071992,1
replay_left_torque_filelog,6.55,2.1197664043238,1
replay_left_torque_filelog,6.56,2.0153898582134,1
replay_left_torque_filelog,6.57,1.95612730181163,1
replay_left_torque_filelog,6.58,1.99641347934737,1
replay_left_torque_filelog,6.59,2.07250271481335,1
replay_left_torque_filelog,6.6,2.17581414285868,1
replay_left_torque_filelog,6.61,1.9860410147109,1
replay_left_torque_filelog,6.62,2.46510142242997,1
replay_left_torque_filelog,6.63,2.25198344805086,1
replay_left_torque_filelog,6.64,2.65745472687427,1
replay_left_torque_filelog,6.65,2.61262358532057,1
replay_left_torque_filelog,6.66,2.84398035997584,1
replay_left_torque_filelog,6.67,2.85762066510833,1
replay_left_torque_filelog,6.68,2.68374995304117,1
replay_left_torque_filelog,6.69,2.77615135696455,1
replay_left_torque_filelog,6.7,2.8641931374322,1
replay_left_torque_filelog,6.71,2.56276427381824,1
replay_left_torque_filelog,6.72,2.74411859182613,1
replay_left_torque_filelog,6.73,2.80524713390011,1
replay_left_torque_filelog,6.74,2.6843891820516,1
replay_left_torque_filelog,6.75,2.61181404550732,1
replay_left_torque_filelog,6.76,2.83258086488097,1
replay_left_torque_filelog,6.77,2.64808803335701,1
replay_left_torque_filelog,6.78,2.65356409979811,1
replay_left_torque_filelog,6.79,2.58354393747136,1
replay_left_torque_filelog,6.8,2.41456806636588,1
replay_left_torque_filelog,6.81,2.78854908225793,1
replay_left_torque_filelog,6.82,2.84240311245288,1
replay_left_torque_filelog,6.83,2.58116702247977,1
replay_left_torque_filelog,6.84,2.61136851783391,1
replay_left_torque_filelog,6.85,2.91830432739447,1
replay_left_torque_filelog,6.86,2.72638491853288,1
replay_left_torque_filelog,6.87,2.59030964649166,1
replay_left_torque_filelog,6.88,2.87216458495876,1
replay_left_torque_filelog,6.89,2.83483385081581,1
replay_left_torque_filelog,6.9,2.81142198484236,1
replay_left_torque_filelog,6.91,2.79155375845395,1
replay_left_torque_filelog,6.92,2.77225717867488,1
replay_left_torque_filelog,6.93,2.74526496723437,1
replay_phi_filelog,0,0,2
replay_phi_filelog,0.01,0,2
replay_phi_filelog,0.02,0,2
replay_phi_filelog,0.03,0,2
replay_phi_filelog,0.04,0,2
replay_phi_filelog,0.05,0,2
replay_phi_filelog,0.06,0,2
replay_phi_filelog,0.07,0,2
replay_phi_filelog,0.08,0,2
replay_phi_filelog,0.09,0,2
replay_phi_filelog,0.1,0,2
replay_phi_filelog,0.11,0,2
replay_phi_filelog,0.12,0,2
replay_phi_filelog,0.13,0,2
replay_phi_filelog,0.14,0,2
replay_phi_filelog,0.15,0,2
replay_phi_filelog,0.16,0,2
replay_phi_filelog,0.17,0,2
replay_phi_filelog,0.18,0,2
replay_phi_filelog,0.19,0,2
replay_phi_filelog,0.2,0,2
replay_phi_filelog,0.21,0,2
replay_phi_filelog,0.22,0,2
replay_phi_filelog,0.23,0,2
replay_phi_filelog,0.24,0,2
replay_phi_filelog,0.25,0,2
replay_phi_filelog,0.26,0,2
replay_phi_filelog,0.27,0,2
replay_phi_filelog,0.28,0,2
replay_phi_filelog,0.29,0,2
replay_phi_filelog,0.3,0,2
replay_phi_filelog,0.31,0,2
replay_phi_filelog,0.32,0,2
replay_phi_filelog,0.33,0,2
replay_phi_filelog,0.34,0,2
replay_phi_filelog,0.35,0,2
replay_phi_filelog,0.36,0,2
replay_phi_filelog,0.37,0,2
replay_phi_filelog,0.38,0,2
replay_phi_filelog,0.39,0,2
replay_phi_filelog,0.4,0,2
replay_phi_filelog,0.41,0,2
replay_phi_filelog,0.42,0,2
replay_phi_filelog,0.43,0,2
replay_phi_filelog,0.44,0,2
replay_phi_filelog,0.45,0,2
replay_phi_filelog,0.46,0,2
replay_phi_filelog,0.47,0,2
replay_phi_filelog,0.48,0,2
replay_phi_filelog,0.49,0,2
replay_phi_filelog,0.5,0,2
replay_phi_filelog,0.51,0,2
replay_phi_filelog,0.52,0,2
replay_phi_filelog,0.53,0,2
replay_phi_filelog,0.54,0,2
replay_phi_filelog,0.55,0,2
replay_phi_filelog,0.56,0,2
replay_phi_filelog,0.57,0,2
replay_phi_filelog,0.58,0,2
replay_phi_filelog,0.59,0,2
replay_phi_filelog,0.6,0,2
replay_phi_filelog,0.61,0,2
replay_phi_filelog,0.62,0,2
replay_phi_filelog,0.63,0,2
replay_phi_filelog,0.64,0,2
replay_phi_filelog,0.65,0,2
replay_phi_filelog,0.66,0,2
replay_phi_filelog,0.67,0,2
replay_phi_filelog,0.68,0,2
replay_phi_filelog,0.69,0,2
replay_phi_filelog,0.7,0,2
replay_phi_filelog,0.71,0,2
replay_phi_filelog,0.72,0,2
replay_phi_filelog,0.73,0,2
replay_phi_filelog,0.74,0,2
replay_phi_filelog,0.75,0,2
replay_phi_filelog,0.76,0,2
replay_phi_filelog,0.77,0,2
replay_phi_filelog,0.78,0,2
replay_phi_filelog,0.79,0,2
replay_phi_filelog,0.8,0,2
replay_phi_filelog,0.81,0,2
replay_phi_filelog,0.82,0,2
replay_phi_filelog,0.83,0,2
replay_phi_filelog,0.84,0,2
replay_phi_filelog,0.85,0,2
replay_phi_filelog,0.86,0,2
replay_phi_filelog,0.87,0,2
replay_phi_filelog,0.88,0,2
replay_phi_filelog,0.89,0,2
replay_phi_filelog,0.9,0,2
replay_phi_filelog,0.91,0,2
replay_phi_filelog,0.92,0,2
replay_phi_filelog,0.93,0,2
replay_phi_filelog,0.94,0,2
replay_phi_filelog,0.95,0,2
replay_phi_filelog,0.96,0,2
replay_phi_filelog,0.97,0,2
replay_phi_filelog,0.98,0,2
replay_phi_filelog,0.99,0,2
replay_phi_filelog,1,0,2
replay_phi_filelog,1.01,0,2
replay_phi_filelog,1.02,0,2
replay_phi_filelog,1.03,0,2
replay_phi_filelog,1.04,0,2
replay_phi_filelog,1.05,0,2
replay_phi_filelog,1.06,0,2
replay_phi_filelog,1.07,0,2
replay_phi_filelog,1.08,0,2
replay_phi_filelog,1.09,0,2
replay_phi_filelog,1.1,0,2
replay_phi_filelog,1.11,0,2
replay_phi_filelog,1.12,0,2
replay_phi_filelog,1.13,0,2
replay_phi_filelog,1.14,0,2
replay_phi_filelog,1.15,0,2
replay_phi_filelog,1.16,0,2
replay_phi_filelog,1.17,0,2
replay_phi_filelog,1.18,0,2
replay_phi_filelog,1.19,0,2
replay_phi_filelog,1.2,0,2
replay_phi_filelog,1.21,0,2
replay_phi_filelog,1.22,0,2
replay_phi_filelog,1.23,0,2
replay_phi_filelog,1.24,0,2
replay_phi_filelog,1.25,0,2
replay_phi_filelog,1.26,0,2
replay_phi_filelog,1.27,0,2
replay_phi_filelog,1.28,0,2
replay_phi_filelog,1.29,0,2
replay_phi_filelog,1.3,0,2
replay_phi_filelog,1.31,0,2
replay_phi_filelog,1.32,0,2
replay_phi_filelog,1.33,0,2
replay_phi_filelog,1.34,0,2
replay_phi_filelog,1.35,0,2
replay_phi_filelog,1.36,0,2
replay_phi_filelog,1.37,0,2
replay_phi_filelog,1.38,0,2
replay_phi_filelog,1.39,0,2
replay_phi_filelog,1.4,0,2
replay_phi_filelog,1.41,0,2
replay_phi_filelog,1.42,0,2
replay_phi_filelog,1.43,0,2
replay_phi_filelog,1.44,0,2
replay_phi_filelog,1.45,0,2
replay_phi_filelog,1.46,0,2
replay_phi_filelog,1.47,0,2
replay_phi_filelog,1.48,0,2
replay_phi_filelog,1.49,0,2
replay_phi_filelog,1.5,0,2
replay_phi_filelog,1.51,0,2
replay_phi_filelog,1.52,0,2
replay_phi_filelog,1.53,0,2
replay_phi_filelog,1.54,0,2
replay_phi_filelog,1.55,0,2
replay_phi_filelog,1.56,0,2
replay_phi_filelog,1.57,0,2
replay_phi_filelog,1.58,0,2
replay_phi_filelog,1.59,0,2
replay_phi_filelog,1.6,0,2
replay_phi_filelog,1.61,0,2
replay_phi_filelog,1.62,0,2
replay_phi_filelog,1.63,0,2
replay_phi_filelog,1.64,0,2
replay_phi_filelog,1.65,0,2
replay_phi_filelog,1.66,0,2
replay_phi_filelog,1.67,0,2
replay_phi_filelog,1.68,0,2
replay_phi_filelog,1.69,0,2
replay_phi_filelog,1.7,0,2
replay_phi_filelog,1.71,0,2
replay_phi_filelog,1.72,0,2
replay_phi_filelog,1.73,0,2
replay_phi_filelog,1.74,0,2
replay_phi_filelog,1.75,0,2
replay_phi_filelog,1.76,0,2
replay_phi_filelog,1.77,0,2
replay_phi_filelog,1.78,0,2
replay_phi_filelog,1.79,0,2
replay_phi_filelog,1.8,0,2
replay_phi_filelog,1.81,0,2
replay_phi_filelog,1.82,0,2
replay_phi_filelog,1.83,0,2
replay_phi_filelog,1.84,0,2
replay_phi_filelog,1.85,0,2
replay_phi_filelog,1.86,0,2
replay_phi_filelog,1.87,0,2
replay_phi_filelog,1.88,0,2
replay_phi_filelog,1.89,0,2
replay_phi_filelog,1.9,0,2
replay_phi_filelog,1.91,0,2
replay_phi_filelog,1.92,0,2
replay_phi_filelog,1.93,0,2
replay_phi_filelog,1.94,0,2
replay_phi_filelog,1.95,0,2
replay_phi_filelog,1.96,0,2
replay_phi_filelog,1.97,0,2
replay_phi_filelog,1.98,0,2
replay_phi_filelog,1.99,0,2
replay_phi_filelog,2,0,2
replay_phi_filelog,2.01,0,2
replay_phi_filelog,2.02,0,2
replay_phi_filelog,2.03,0,2
replay_phi_filelog,2.04,0,2
replay_phi_filelog,2.05,0,2
replay_phi_filelog,2.06,0,2
replay_phi_filelog,2.07,0,2
replay_phi_filelog,2.08,0,2
replay_phi_filelog,2.09,0,2
replay_phi_filelog,2.1,0,2
replay_phi_filelog,2.11,0,2
replay_phi_filelog,2.12,0,2
replay_phi_filelog,2.13,0,2
replay_phi_filelog,2.14,0,2
replay_phi_filelog,2.15,0,2
replay_phi_filelog,2.16,0,2
replay_phi_filelog,2.17,0,2
replay_phi_filelog,2.18,0,2
replay_phi_filelog,2.19,0,2
replay_phi_filelog,2.2,0,2
replay_phi_filelog,2.21,0,2
replay_phi_filelog,2.22,0,2
replay_phi_filelog,2.23,0,2
replay_phi_filelog,2.24,0,2
replay_phi_filelog,2.25,0,2
replay_phi_filelog,2.26,0,2
replay_phi_filelog,2.27,0,2
replay_phi_filelog,2.28,0,2
replay_phi_filelog,2.29,0,2
replay_phi_filelog,2.3,0,2
replay_phi_filelog,2.31,0,2
replay_phi_filelog,2.32,0,2
replay_phi_filelog,2.33,0,2
replay_phi_filelog,2.34,0,2
replay_phi_filelog,2.35,0,2
replay_phi_filelog,2.36,0,2
replay_phi_filelog,2.37,0,2
replay_phi_filelog,2.38,0,2
replay_phi_filelog,2.39,0,2
replay_phi_filelog,2.4,0,2
replay_phi_filelog,2.41,0,2
replay_phi_filelog,2.42,0,2
replay_phi_filelog,2.43,0,2
replay_phi_filelog,2.44,0,2
replay_phi_filelog,2.45,0,2
replay_phi_filelog,2.46,0,2
replay_phi_filelog,2.47,0,2
replay_phi_filelog,2.48,0,2
replay_phi_filelog,2.49,0,2
replay_phi_filelog,2.5,0,2
replay_phi_filelog,2.51,0,2
replay_phi_filelog,2.52,0,2
replay_phi_filelog,2.53,0,2
replay_phi_filelog,2.54,0,2
replay_phi_filelog,2.55,0,2
replay_phi_filelog,2.56,0,2
replay_phi_filelog,2.57,0,2
replay_phi_filelog,2.58,0,2
replay_phi_filelog,2.59,0,2
replay_phi_filelog,2.6,0,2
replay_phi_filelog,2.61,0,2
replay_phi_filelog,2.62,0,2
replay_phi_filelog,2.63,0,2
replay_phi_filelog,2.64,0,2
replay_phi_filelog,2.65,0,2
replay_phi_filelog,2.66,0,2
replay_phi_filelog,2.67,0,2
replay_phi_filelog,2.68,0,2
replay_phi_filelog,2.69,0,2
replay_phi_filelog,2.7,0,2
replay_phi_filelog,2.71,0,2
replay_phi_filelog,2.72,0,2
replay_phi_filelog,2.73,0,2
replay_phi_filelog,2.74,0,2
replay_phi_filelog,2.75,0,2
replay_phi_filelog,2.76,0,2
replay_phi_filelog,2.77,0,2
replay_phi_filelog,2.78,0,2
replay_phi_filelog,2.79,0,2
replay_phi_filelog,2.8,0,2
replay_phi_filelog,2.81,0,2
replay_phi_filelog,2.82,0,2
replay_phi_filelog,2.83,0,2
replay_phi_filelog,2.84,0,2
replay_phi_filelog,2.85,0,2
replay_phi_filelog,2.86,0,2
replay_phi_filelog,2.87,0,2
replay_phi_filelog,2.88,0,2
replay_phi_filelog,2.89,0,2
replay_phi_filelog,2.9,0,2
replay_phi_filelog,2.91,0,2
replay_phi_filelog,2.92,0,2
replay_phi_filelog,2.93,0,2
replay_phi_filelog,2.94,0,2
replay_phi_filelog,2.95,0,2
replay_phi_filelog,2.96,0,2
replay_phi_filelog,2.97,0,2
replay_phi_filelog,2.98,0,2
replay_phi_filelog,2.99,0,2
replay_phi_filelog,3,0,2
replay_phi_filelog,3.01,0,2
replay_phi_filelog,3.02,0,2
replay_phi_filelog,3.03,0,2
replay_phi_filelog,3.04,0,2
replay_phi_filelog,3.05,0,2
replay_phi_filelog,3.06,0,2
replay_phi_filelog,3.07,0,2
replay_phi_filelog,3.08,0,2
replay_phi_filelog,3.09,0,2
replay_phi_filelog,3.1,0,2
replay_phi_filelog,3.11,0,2
replay_phi_filelog,3.12,0,2
replay_phi_filelog,3.13,0,2
replay_phi_filelog,3.14,0,2
replay_phi_filelog,3.15,0,2
replay_phi_filelog,3.16,0,2
replay_phi_filelog,3.17,0,2
replay_phi_filelog,3.18,0,2
replay_phi_filelog,3.19,0,2
replay_phi_filelog,3.2,0,2
replay_phi_filelog,3.21,0,2
replay_phi_filelog,3.22,0,2
replay_phi_filelog,3.23,0,2
replay_phi_filelog,3.24,0,2
replay_phi_filelog,3.25,0,2
replay_phi_filelog,3.26,0,2
replay_phi_filelog,3.27,0,2
replay_phi_filelog,3.28,0,2
replay_phi_filelog,3.29,0,2
replay_phi_filelog,3.3,0,2
replay_phi_filelog,3.31,0,2
replay_phi_filelog,3.32,0,2
replay_phi_filelog,3.33,0,2
replay_phi_filelog,3.34,0,2
replay_phi_filelog,3.35,0,2
replay_phi_filelog,3.36,0,2
replay_phi_filelog,3.37,0,2
replay_phi_filelog,3.38,0,2
replay_phi_filelog,3.39,0,2
replay_phi_filelog,3.4,0,2
replay_phi_filelog,3.41,0,2
replay_phi_filelog,3.42,0,2
replay_phi_filelog,3.43,0,2
replay_phi_filelog,3.44,0,2
replay_phi_filelog,3.45,0,2
replay_phi_filelog,3.46,0,2
replay_phi_filelog,3.47,0,2
replay_phi_filelog,3.48,0,2
replay_phi_filelog,3.49,0,2
replay_phi_filelog,3.5,0,2
replay_phi_filelog,3.51,0,2
replay_phi_filelog,3.52,0,2
replay_phi_filelog,3.53,0,2
replay_phi_filelog,3.54,0,2
replay_phi_filelog,3.55,0,2
replay_phi_filelog,3.56,0,2
replay_phi_filelog,3.57,0,2
replay_phi_filelog,3.58,0,2
replay_phi_filelog,3.59,0,2
replay_phi_filelog,3.6,0,2
replay_phi_filelog,3.61,0,2
replay_phi_filelog,3.62,0,2
replay_phi_filelog,3.63,0,2
replay_phi_filelog,3.64,0,2
replay_phi_filelog,3.65,0,2
replay_phi_filelog,3.66,0,2
replay_phi_filelog,3.67,0,2
replay_phi_filelog,3.68,0,2
replay_phi_filelog,3.69,0,2
replay_phi_filelog,3.7,0,2
replay_phi_filelog,3.71,0,2
replay_phi_filelog,3.72,0,2
replay_phi_filelog,3.73,0,2
replay_phi_filelog,3.74,0,2
replay_phi_filelog,3.75,0,2
replay_phi_filelog,3.76,0,2
replay_phi_filelog,3.77,0,2
replay_phi_filelog,3.78,0,2
replay_phi_filelog,3.79,0,2
replay_phi_filelog,3.8,0,2
replay_phi_filelog,3.81,0,2
replay_phi_filelog,3.82,0,2
replay_phi_filelog,3.83,0,2
replay_phi_filelog,3.84,0,2
replay_phi_filelog,3.85,0,2
replay_phi_filelog,3.86,0,2
replay_phi_filelog,3.87,0,2
replay_phi_filelog,3.88,0,2
replay_phi_filelog,3.89,0,2
replay_phi_filelog,3.9,0,2
replay_phi_filelog,3.91,0,2
replay_phi_filelog,3.92,0,2
replay_phi_filelog,3.93,0,2
replay_phi_filelog,3.94,0,2
replay_phi_filelog,3.95,0,2
replay_phi_filelog,3.96,0,2
replay_phi_filelog,3.97,0,2
replay_phi_filelog,3.98,0,2
replay_phi_filelog,3.99,0,2
replay_phi_filelog,4,0,2
replay_phi_filelog,4.01,0,2
replay_phi_filelog,4.02,0,2
replay_phi_filelog,4.03,0,2
replay_phi_filelog,4.04,0,2
replay_phi_filelog,4.05,0,2
replay_phi_filelog,4.06,0,2
replay_phi_filelog,4.07,0,2
replay_phi_filelog,4.08,0,2
replay_phi_filelog,4.09,0,2
replay_phi_filelog,4.1,0,2
replay_phi_filelog,4.11,0,2
replay_phi_filelog,4.12,0,2
replay_phi_filelog,4.13,0,2
replay_phi_filelog,4.14,0,2
replay_phi_filelog,4.15,0,2
replay_phi_filelog,4.16,0,2
replay_phi_filelog,4.17,0,2
replay_phi_filelog,4.18,0,2
replay_phi_filelog,4.19,0,2
replay_phi_filelog,4.2,0,2
replay_phi_filelog,4.21,0,2
replay_phi_filelog,4.22,0,2
replay_phi_filelog,4.23,0,2
replay_phi_filelog,4.24,0,2
replay_phi_filelog,4.25,0,2
replay_phi_filelog,4.26,0,2
replay_phi_filelog,4.27,0,2
replay_phi_filelog,4.28,0,2
replay_phi_filelog,4.29,0,2
replay_phi_filelog,4.3,0,2
replay_phi_filelog,4.31,0,2
replay_phi_filelog,4.32,0,2
replay_phi_filelog,4.33,0,2
replay_phi_filelog,4.34,0,2
replay_phi_filelog,4.35,0,2
replay_phi_filelog,4.36,0,2
replay_phi_filelog,4.37,0,2
replay_phi_filelog,4.38,0,2
replay_phi_filelog,4.39,0,2
replay_phi_filelog,4.4,0,2
replay_phi_filelog,4.41,0,2
replay_phi_filelog,4.42,0,2
replay_phi_filelog,4.43,0,2
replay_phi_filelog,4.44,0,2
replay_phi_filelog,4.45,0,2
replay_phi_filelog,4.46,0,2
replay_phi_filelog,4.47,0,2
replay_phi_filelog,4.48,0,2
replay_phi_filelog,4.49,0,2
replay_phi_filelog,4.5,0,2
replay_phi_filelog,4.51,0,2
replay_phi_filelog,4.52,0,2
replay_phi_filelog,4.53,0,2
replay_phi_filelog,4.54,0,2
replay_phi_filelog,4.55,0,2
replay_phi_filelog,4.56,0,2
replay_phi_filelog,4.57,0,2
replay_phi_filelog,4.58,0,2
replay_phi_filelog,4.59,0,2
replay_phi_filelog,4.6,0,2
replay_phi_filelog,4.61,0,2
replay_phi_filelog,4.62,0,2
replay_phi_filelog,4.63,0,2
replay_phi_filelog,4.64,0,2
replay_phi_filelog,4.65,0,2
replay_phi_filelog,4.66,0,2
replay_phi_filelog,4.67,0,2
replay_phi_filelog,4.68,0,2
replay_phi_filelog,4.69,0,2
replay_phi_filelog,4.7,0,2
replay_phi_filelog,4.71,0,2
replay_phi_filelog,4.72,0,2
replay_phi_filelog,4.73,0,2
replay_phi_filelog,4.74,0,2
replay_phi_filelog,4.75,0,2
replay_phi_filelog,4.76,0,2
replay_phi_filelog,4.77,0,2
replay_phi_filelog,4.78,0,2
replay_phi_filelog,4.79,0,2
replay_phi_filelog,4.8,0,2
replay_phi_filelog,4.81,0,2
replay_phi_filelog,4.82,0,2
replay_phi_filelog,4.83,0,2
replay_phi_filelog,4.84,0,2
replay_phi_filelog,4.85,0,2
replay_phi_filelog,4.86,0,2
replay_phi_filelog,4.87,0,2
replay_phi_filelog,4.88,0,2
replay_phi_filelog,4.89,0,2
replay_phi_filelog,4.9,0,2
replay_phi_filelog,4.91,0,2
replay_phi_filelog,4.92,0,2
replay_phi_filelog,4.93,0,2
replay_phi_filelog,4.94,0,2
replay_phi_filelog,4.95,0,2
replay_phi_filelog,4.96,0,2
replay_phi_filelog,4.97,0,2
replay_phi_filelog,4.98,0,2
replay_phi_filelog,4.99,0,2
replay_phi_filelog,5,0,2
replay_phi_filelog,5.01,0,2
replay_phi_filelog,5.02,0,2
replay_phi_filelog,5.03,0,2
replay_phi_filelog,5.04,0,2
replay_phi_filelog,5.05,0,2
replay_phi_filelog,5.06,0,2
replay_phi_filelog,5.07,0,2
replay_phi_filelog,5.08,0,2
replay_phi_filelog,5.09,0,2
replay_phi_filelog,5.1,0,2
replay_phi_filelog,5.11,0,2
replay_phi_filelog,5.12,0,2
replay_phi_filelog,5.13,0,2
replay_phi_filelog,5.14,0,2
replay_phi_filelog,5.15,0,2
replay_phi_filelog,5.16,0,2
replay_phi_filelog,5.17,0,2
replay_phi_filelog,5.18,0,2
replay_phi_filelog,5.19,0,2
replay_phi_filelog,5.2,0,2
replay_phi_filelog,5.21,0,2
replay_phi_filelog,5.22,0,2
replay_phi_filelog,5.23,0,2
replay_phi_filelog,5.24,0,2
replay_phi_filelog,5.25,0,2
replay_phi_filelog,5.26,0,2
replay_phi_filelog,5.27,0,2
replay_phi_filelog,5.28,0,2
replay_phi_filelog,5.29,0,2
replay_phi_filelog,5.3,0,2
replay_phi_filelog,5.31,0,2
replay_phi_filelog,5.32,0,2
replay_phi_filelog,5.33,0,2
replay_phi_filelog,5.34,0,2
replay_phi_filelog,5.35,0,2
replay_phi_filelog,5.36,0,2
replay_phi_filelog,5.37,0,2
replay_phi_filelog,5.38,0,2
replay_phi_filelog,5.39,0,2
replay_phi_filelog,5.4,0,2
replay_phi_filelog,5.41,0,2
replay_phi_filelog,5.42,0,2
replay_phi_filelog,5.43,0,2
replay_phi_filelog,5.44,0,2
replay_phi_filelog,5.45,0,2
replay_phi_filelog,5.46,0,2
replay_phi_filelog,5.47,0,2
replay_phi_filelog,5.48,0,2
replay_phi_filelog,5.49,0,2
replay_phi_filelog,5.5,0,2
replay_phi_filelog,5.51,0,2
replay_phi_filelog,5.52,0,2
replay_phi_filelog,5.53,0,2
replay_phi_filelog,5.54,0,2
replay_phi_filelog,5.55,0,2
replay_phi_filelog,5.56,0,2
replay_phi_filelog,5.57,0,2
replay_phi_filelog,5.58,0,2
replay_phi_filelog,5.59,0,2
replay_phi_filelog,5.6,0,2
replay_phi_filelog,5.61,0,2
replay_phi_filelog,5.62,0,2
replay_phi_filelog,5.63,0,2
replay_phi_filelog,5.64,0,2
replay_phi_filelog,5.65,0,2
replay_phi_filelog,5.66,0,2
replay_phi_filelog,5.67,0,2
replay_phi_filelog,5.68,0,2
replay_phi_filelog,5.69,0,2
replay_phi_filelog,5.7,0,2
replay_phi_filelog,5.71,0,2
replay_phi_filelog,5.72,0,2
replay_phi_filelog,5.73,0,2
replay_phi_filelog,5.74,0,2
replay_phi_filelog,5.75,0,2
replay_phi_filelog,5.76,0,2
replay_phi_filelog,5.77,0,2
replay_phi_filelog,5.78,0,2
replay_phi_filelog,5.79,0,2
replay_phi_filelog,5.8,0,2
replay_phi_filelog,5.81,0,2
replay_phi_filelog,5.82,0,2
replay_phi_filelog,5.83,0,2
replay_phi_filelog,5.84,0,2
replay_phi_filelog,5.85,0,2
replay_phi_filelog,5.86,0,2
replay_phi_filelog,5.87,0,2
replay_phi_filelog,5.88,0,2
replay_phi_filelog,5.89,0,2
replay_phi_filelog,5.9,0,2
replay_phi_filelog,5.91,0,2
replay_phi_filelog,5.92,0,2
replay_phi_filelog,5.93,0,2
replay_phi_filelog,5.94,0,2
replay_phi_filelog,5.95,0,2
replay_phi_filelog,5.96,0,2
replay_phi_filelog,5.97,0,2
replay_phi_filelog,5.98,0,2
replay_phi_filelog,5.99,0,2
replay_phi_filelog,6,0,2
replay_phi_filelog,6.01,0,2
replay_phi_filelog,6.02,0,2
replay_phi_filelog,6.03,0,2
replay_phi_filelog,6.04,0,2
replay_phi_filelog,6.05,0,2
replay_phi_filelog,6.06,0,2
replay_phi_filelog,6.07,0,2
replay_phi_filelog,6.08,0,2
replay_phi_filelog,6.09,0,2
replay_phi_filelog,6.1,0,2
replay_phi_filelog,6.11,0,2
replay_phi_filelog,6.12,0,2
replay_phi_filelog,6.13,0,2
replay_phi_filelog,6.14,0,2
replay_phi_filelog,6.15,0,2
replay_phi_filelog,6.16,0,2
replay_phi_filelog,6.17,0,2
replay_phi_filelog,6.18,0,2
replay_phi_filelog,6.19,0,2
replay_phi_filelog,6.2,0,2
replay_phi_filelog,6.21,0,2
replay_phi_filelog,6.22,0,2
replay_phi_filelog,6.23,0,2
replay_phi_filelog,6.24,0,2
replay_phi_filelog,6.25,0,2
replay_phi_filelog,6.26,0,2
replay_phi_filelog,6.27,0,2
replay_phi_filelog,6.28,0,2
replay_phi_filelog,6.29,0,2
replay_phi_filelog,6.3,0,2
replay_phi_filelog,6.31,0,2
replay_phi_filelog,6.32,0,2
replay_phi_filelog,6.33,0,2
replay_phi_filelog,6.34,0,2
replay_phi_filelog,6.35,0,2
replay_phi_filelog,6.36,0,2
replay_phi_filelog,6.37,0,2
replay_phi_filelog,6.38,0,2
replay_phi_filelog,6.39,0,2
replay_phi_filelog,6.4,0,2
replay_phi_filelog,6.41,0,2
replay_phi_filelog,6.42,0,2
replay_phi_filelog,6.43,0,2
replay_phi_filelog,6.44,0,2
replay_phi_filelog,6.45,0,2
replay_phi_filelog,6.46,0,2
replay_phi_filelog,6.47,0,2
replay_phi_filelog,6.48,0,2
replay_phi_filelog,6.49,0,2
replay_phi_filelog,6.5,0,2
replay_phi_filelog,6.51,0,2
replay_phi_filelog,6.52,0,2
replay_phi_filelog,6.53,0,2
replay_phi_filelog,6.54,0,2
replay_phi_filelog,6.55,0,2
replay_phi_filelog,6.56,0,2
replay_phi_filelog,6.57,0,2
replay_phi_filelog,6.58,0,2
replay_phi_filelog,6.59,0,2
replay_phi_filelog,6.6,0,2
replay_phi_filelog,6.61,0,2
replay_phi_filelog,6.62,0,2
replay_phi_filelog,6.63,0,2
replay_phi_filelog,6.64,0,2
replay_phi_filelog,6.65,0,2
replay_phi_filelog,6.66,0,2
replay_phi_filelog,6.67,0,2
replay_phi_filelog,6.68,0,2
replay_phi_filelog,6.69,0,2
replay_phi_filelog,6.7,0,2
replay_phi_filelog,6.71,0,2
replay_phi_filelog,6.72,0,2
replay_phi_filelog,6.73,0,2
replay_phi_filelog,6.74,0,2
replay_phi_filelog,6.75,0,2
replay_phi_filelog,6.76,0,2
replay_phi_filelog,6.77,0,2
replay_phi_filelog,6.78,0,2
replay_phi_filelog,6.79,0,2
replay_phi_filelog,6.8,0,2
replay_phi_filelog,6.81,0,2
replay_phi_filelog,6.82,0,2
replay_phi_filelog,6.83,0,2
replay_phi_filelog,6.84,0,2
replay_phi_filelog,6.85,0,2
replay_phi_filelog,6.86,0,2
replay_phi_filelog,6.87,0,2
replay_phi_filelog,6.88,0,2
replay_phi_filelog,6.89,0,2
replay_phi_filelog,6.9,0,2
replay_phi_filelog,6.91,0,2
replay_phi_filelog,6.92,0,2
replay_phi_filelog,6.93,0,2
replay_right_torque_filelog,0,0.0709097516311965,3
replay_right_torque_filelog,0.01,0.0706434581639453,3
replay_right_torque_filelog,0.02,0.0700623329358205,3
replay_right_torque_filelog,0.03,0.0690351885703636,3
replay_right_torque_filelog,0.04,0.0626848978603143,3
replay_right_torque_filelog,0.05,0.0529265693726918,3
replay_right_torque_filelog,0.06,0.0394796026276253,3
replay_right_torque_filelog,0.07,0.0216909171257329,3
replay_right_torque_filelog,0.08,-0.00187744091798496,3
replay_right_torque_filelog,0.09,-0.0201986393823958,3
replay_right_torque_filelog,0.1,-0.0297065376624597,3
replay_right_torque_filelog,0.11,-0.0338677358349144,3
replay_right_torque_filelog,0.12,-0.03556665348604,3
replay_right_torque_filelog,0.13,-0.0360755028354008,3
replay_right_torque_filelog,0.14,-0.0359947890767907,3
replay_right_torque_filelog,0.15,-0.035622338013947,3
replay_right_torque_filelog,0.16,-0.0351098453949078,3
replay_right_torque_filelog,0.17,-0.0345355367911571,3
replay_right_torque_filelog,0.18,-0.0339398816919979,3
replay_right_torque_filelog,0.19,-0.0333437250144139,3
replay_right_torque_filelog,0.2,-0.0327576544847194,3
replay_right_torque_filelog,0.21,-0.0321868850122461,3
replay_right_torque_filelog,0.22,-0.0316338176680928,3
replay_right_torque_filelog,0.23,-0.0310993835255515,3
replay_right_torque_filelog,0.24,-0.0257245395990651,3
replay_right_torque_filelog,0.25,-0.0104902110020952,3
replay_right_torque_filelog,0.26,0.0133691913434431,3
replay_right_torque_filelog,0.27,0.035216554486476,3
replay_right_torque_filelog,0.28,0.0493991248426047,3
replay_right_torque_filelog,0.29,0.0611497797886518,3
replay_right_torque_filelog,0.3,0.0736895545408553,3
replay_right_torque_filelog,0.31,0.0869391247074775,3
replay_right_torque_filelog,0.32,0.103372659550453,3
replay_right_torque_filelog,0.33,0.122484961416472,3
replay_right_torque_filelog,0.34,0.142043056243457,3
replay_right_torque_filelog,0.35,0.162673956225397,3
replay_right_torque_filelog,0.36,0.186487560962983,3
replay_right_torque_filelog,0.37,0.210130324062551,3
replay_right_torque_filelog,0.38,0.247947975643301,3
replay_right_torque_filelog,0.39,0.108874651967969,3
replay_right_torque_filelog,0.4,0.16472403352481,3
replay_right_torque_filelog,0.41,0.243490674225652,3
replay_right_torque_filelog,0.42,0.230823198914042,3
replay_right_torque_filelog,0.43,-0.0488806982832828,3
replay_right_torque_filelog,0.44,0.192213014396939,3
replay_right_torque_filelog,0.45,0.173739744083764,3
replay_right_torque_filelog,0.46,0.157724417712585,3
replay_right_torque_filelog,0.47,0.146583044737195,3
replay_right_torque_filelog,0.48,0.140837682425731,3
replay_right_torque_filelog,0.49,0.134710900166629,3
replay_right_torque_filelog,0.5,0.128126328321347,3
replay_right_torque_filelog,0.51,0.121920335641691,3
replay_right_torque_filelog,0.52,0.112206736188921,3
replay_right_torque_filelog,0.53,0.101870240159329,3
replay_right_torque_filelog,0.54,0.0910515455937476,3
replay_right_torque_filelog,0.55,0.0802055935844865,3
replay_right_torque_filelog,0.56,0.0702374847723489,3
replay_right_torque_filelog,0.57,0.0602492292117216,3
replay_right_torque_filelog,0.58,0.0488107846695157,3
replay_right_torque_filelog,0.59,0.0369629698897095,3
replay_right_torque_filelog,0.6,0.025153768989004,3
replay_right_torque_filelog,0.61,0.0143482552052767,3
replay_right_torque_filelog,0.62,0.00241830171852877,3
replay_right_torque_filelog,0.63,-0.0111689131868581,3
replay_right_torque_filelog,0.64,-0.028518710548658,3
replay_right_torque_filelog,0.65,-0.0488633500208416,3
replay_right_torque_filelog,0.66,-0.0667948630319612,3
replay_right_torque_filelog,0.67,-0.0830598381335435,3
replay_right_torque_filelog,0.68,-0.100178272656903,3
replay_right_torque_filelog,0.69,-0.11875036493517,3
replay_right_torque_filelog,0.7,-0.137723320073176,3
replay_right_torque_filelog,0.71,-0.15441223858069,3
replay_right_torque_filelog,0.72,-0.170661442472318,3
replay_right_torque_filelog,0.73,0.137355997830533,3
replay_right_torque_filelog,0.74,-0.216998061813919,3
replay_right_torque_filelog,0.75,-0.218914629946903,3
replay_right_torque_filelog,0.76,-0.227596537033418,3
replay_right_torque_filelog,0.77,-0.234139879646171,3
replay_right_torque_filelog,0.78,-0.247971984776836,3
replay_right_torque_filelog,0.79,-0.249185097337252,3
replay_right_torque_filelog,0.8,-0.260981820867106,3
replay_right_torque_filelog,0.81,-0.275121794117044,3
replay_right_torque_filelog,0.82,-0.291007606821867,3
replay_right_torque_filelog,0.83,-0.308396451238933,3
replay_right_torque_filelog,0.84,-0.326773254134272,3
replay_right_torque_filelog,0.85,-0.344223635920331,3
replay_right_torque_filelog,0.86,-0.360820819420772,3
replay_right_torque_filelog,0.87,-0.377593079527396,3
replay_right_torque_filelog,0.88,-0.167306914039373,3
replay_right_torque_filelog,0.89,-0.0592650287714544,3
replay_right_torque_filelog,0.9,-0.363730150825542,3
replay_right_torque_filelog,0.91,-0.330761606082035,3
replay_right_torque_filelog,0.92,-0.169432095270705,3
replay_right_torque_filelog,0.93,-0.178047010826511,3
replay_right_torque_filelog,0.94,-0.265042892004847,3
replay_right_torque_filelog,0.95,0.0570447160263574,3
replay_right_torque_filelog,0.96,-0.248851548705536,3
replay_right_torque_filelog,0.97,-0.253333146948994,3
replay_right_torque_filelog,0.98,-0.263856675094949,3
replay_right_torque_filelog,0.99,-0.276431255085419,3
replay_right_torque_filelog,1,-0.29117579863017,3
replay_right_torque_filelog,1.01,-0.305214791733916,3
replay_right_torque_filelog,1.02,-0.319598317052445,3
replay_right_torque_filelog,1.03,-0.332869905716337,3
replay_right_torque_filelog,1.04,-0.34555481593808,3
replay_right_torque_filelog,1.05,-0.355867901427064,3
replay_right_torque_filelog,1.06,-0.361724850901709,3
replay_right_torque_filelog,1.07,-0.362369918907832,3
replay_right_torque_filelog,1.08,-0.359841176874887,3
replay_right_torque_filelog,1.09,-0.356133931626673,3
replay_right_torque_filelog,1.1,-0.353849636953428,3
replay_right_torque_filelog,1.11,-0.353248730467643,3
replay_right_torque_filelog,1.12,-0.353746916942457,3
replay_right_torque_filelog,1.13,-0.356203175445651,3
replay_right_torque_filelog,1.14,-0.358390049138595,3
replay_right_torque_filelog,1.15,-0.359616215177659,3
replay_right_torque_filelog,1.16,-0.359819313751532,3
replay_right_torque_filelog,1.17,-0.357851057568735,3
replay_right_torque_filelog,1.18,-0.352464214259729,3
replay_right_torque_filelog,1.19,-0.344568299127685,3
replay_right_torque_filelog,1.2,-0.334375399040306,3
replay_right_torque_filelog,1.21,-0.320623109157336,3
replay_right_torque_filelog,1.22,-0.306073774077401,3
replay_right_torque_filelog,1.23,-0.289029135021281,3
replay_right_torque_filelog,1.24,-0.269493915358812,3
replay_right_torque_filelog,1.25,-0.246459613148005,3
replay_right_torque_filelog,1.26,-0.219583398566399,3
replay_right_torque_filelog,1.27,-0.189027523881401,3
replay_right_torque_filelog,1.28,-0.154651002813512,3
replay_right_torque_filelog,1.29,-0.117313664318168,3
replay_right_torque_filelog,1.3,-0.075970480560625,3
replay_right_torque_filelog,1.31,-0.0325634179627044,3
replay_right_torque_filelog,1.32,0.0230985410086766,3
replay_right_torque_filelog,1.33,-0.00833569040093726,3
replay_right_torque_filelog,1.34,0.0756754022889698,3
replay_right_torque_filelog,1.35,-0.177461200005627,3
replay_right_torque_filelog,1.36,0.15408696113135,3
replay_right_torque_filelog,1.37,0.183356484640359,3
replay_right_torque_filelog,1.38,0.215218504692726,3
replay_right_torque_filelog,1.39,0.216303804969005,3
replay_right_torque_filelog,1.4,-0.15273403027469,3
replay_right_torque_filelog,1.41,0.216553747051202,3
replay_right_torque_filelog,1.42,0.202179101228451,3
replay_right_torque_filelog,1.43,0.177914089648546,3
replay_right_torque_filelog,1.44,0.170640469714835,3
replay_right_torque_filelog,1.45,0.181789484089475,3
replay_right_torque_filelog,1.46,0.173359111296875,3
replay_right_torque_filelog,1.47,0.153191071317846,3
replay_right_torque_filelog,1.48,0.191093406956373,3
replay_right_torque_filelog,1.49,0.198045245189947,3
replay_right_torque_filelog,1.5,0.19523852471146,3
replay_right_torque_filelog,1.51,-0.0806863336527619,3
replay_right_torque_filelog,1.52,0.158403252306239,3
replay_right_torque_filelog,1.53,0.141005231356888,3
replay_right_torque_filelog,1.54,0.120639233654973,3
replay_right_torque_filelog,1.55,0.101140910668082,3
replay_right_torque_filelog,1.56,0.082195201648486,3
replay_right_torque_filelog,1.57,0.0639066948423841,3
replay_right_torque_filelog,1.58,0.046106493900946,3
replay_right_torque_filelog,1.59,0.028751137749626,3
replay_right_torque_filelog,1.6,0.0128956088943972,3
replay_right_torque_filelog,1.61,0.000695232423425425,3
replay_right_torque_filelog,1.62,-0.00615510589733153,3
replay_right_torque_filelog,1.63,-0.0108377069979339,3
replay_right_torque_filelog,1.64,-0.0179143074441826,3
replay_right_torque_filelog,1.65,-0.0282902523311796,3
replay_right_torque_filelog,1.66,-0.0405087892524679,3
replay_right_torque_filelog,1.67,-0.0532035385706907,3
replay_right_torque_filelog,1.68,-0.0660622112263871,3
replay_right_torque_filelog,1.69,-0.0777147705349844,3
replay_right_torque_filelog,1.7,-0.0847883141097967,3
replay_right_torque_filelog,1.71,-0.0855469696646924,3
replay_right_torque_filelog,1.72,-0.0796095022684239,3
replay_right_torque_filelog,1.73,-0.0713459287164697,3
replay_right_torque_filelog,1.74,-0.0602021761047398,3
replay_right_torque_filelog,1.75,-0.0451221526565703,3
replay_right_torque_filelog,1.76,-0.0272132279109903,3
replay_right_torque_filelog,1.77,-0.00370235699875566,3
replay_right_torque_filelog,1.78,0.0351080683992621,3
replay_right_torque_filelog,1.79,0.0758120489603677,3
replay_right_torque_filelog,1.8,0.105557163949005,3
replay_right_torque_filelog,1.81,0.134572248517593,3
replay_right_torque_filelog,1.82,0.180963204460144,3
replay_right_torque_filelog,1.83,-0.181463433169126,3
replay_right_torque_filelog,1.84,0.136350811737309,3
replay_right_torque_filelog,1.85,0.178069774635245,3
replay_right_torque_filelog,1.86,0.249789090662681,3
replay_right_torque_filelog,1.87,-0.0273298462902459,3
replay_right_torque_filelog,1.88,-0.0377323939590097,3
replay_right_torque_filelog,1.89,0.241368160235438,3
replay_right_torque_filelog,1.9,0.229036464237777,3
replay_right_torque_filelog,1.91,0.0797298116168217,3
replay_right_torque_filelog,1.92,0.201070292699946,3
replay_right_torque_filelog,1.93,-0.0132175689087211,3
replay_right_torque_filelog,1.94,0.196379771771988,3
replay_right_torque_filelog,1.95,-0.173695663149212,3
replay_right_torque_filelog,1.96,0.06261064708672,3
replay_right_torque_filelog,1.97,0.129541573424375,3
replay_right_torque_filelog,1.98,0.308472070686811,3
replay_right_torque_filelog,1.99,-0.142027758938411,3
replay_right_torque_filelog,2,0.093991581512995,3
replay_right_torque_filelog,2.01,-0.083796835436528,3
replay_right_torque_filelog,2.02,-0.0196350261013772,3
replay_right_torque_filelog,2.03,-0.550723257615122,3
replay_right_torque_filelog,2.04,0.0176892051423904,3
replay_right_torque_filelog,2.05,-0.0974331699613856,3
replay_right_torque_filelog,2.06,-0.171688482034353,3
replay_right_torque_filelog,2.07,-0.182979969325253,3
replay_right_torque_filelog,2.08,-0.0406617215906051,3
replay_right_torque_filelog,2.09,-0.392718932692866,3
replay_right_torque_filelog,2.1,0.133284241527188,3
replay_right_torque_filelog,2.11,-0.00630673034803027,3
replay_right_torque_filelog,2.12,0.0431511052740764,3
replay_right_torque_filelog,2.13,-0.211097881276218,3
replay_right_torque_filelog,2.14,0.0141627202791614,3
replay_right_torque_filelog,2.15,0.0983899082662241,3
replay_right_torque_filelog,2.16,0.201297290240487,3
replay_right_torque_filelog,2.17,0.123760889806693,3
replay_right_torque_filelog,2.18,0.227850759439604,3
replay_right_torque_filelog,2.19,0.301266347395009,3
replay_right_torque_filelog,2.2,0.260037045458702,3
replay_right_torque_filelog,2.21,-0.0293134308050901,3
replay_right_torque_filelog,2.22,0.158767752928254,3
replay_right_torque_filelog,2.23,0.452733218759006,3
replay_right_torque_filelog,2.24,0.4113868825656,3
replay_right_torque_filelog,2.25,0.150261926221335,3
replay_right_torque_filelog,2.26,0.335904226094977,3
replay_right_torque_filelog,2.27,0.269342756135745,3
replay_right_torque_filelog,2.28,0.195321711866857,3
replay_right_torque_filelog,2.29,0.123409717081159,3
replay_right_torque_filelog,2.3,0.0552448297733881,3
replay_right_torque_filelog,2.31,-0.0334117218516468,3
replay_right_torque_filelog,2.32,-0.0879146561148993,3
replay_right_torque_filelog,2.33,-0.12562570429308,3
replay_right_torque_filelog,2.34,-0.173273800324437,3
replay_right_torque_filelog,2.35,0.185415356160774,3
replay_right_torque_filelog,2.36,-0.202260561973275,3
replay_right_torque_filelog,2.37,-0.222992331442932,3
replay_right_torque_filelog,2.38,-0.239655708418597,3
replay_right_torque_filelog,2.39,0.0480799685637527,3
replay_right_torque_filelog,2.4,-0.262993888439233,3
replay_right_torque_filelog,2.41,-0.277309673111115,3
replay_right_torque_filelog,2.42,0.188491872734701,3
replay_right_torque_filelog,2.43,-0.298208778348429,3
replay_right_torque_filelog,2.44,-0.308565650384606,3
replay_right_torque_filelog,2.45,-0.317383023636046,3
replay_right_torque_filelog,2.46,-0.328347516666644,3
replay_right_torque_filelog,2.47,-0.333218923858056,3
replay_right_torque_filelog,2.48,-0.327177980698278,3
replay_right_torque_filelog,2.49,-0.332586211470331,3
replay_right_torque_filelog,2.5,-0.230518006804997,3
replay_right_torque_filelog,2.51,-0.335864889502839,3
replay_right_torque_filelog,2.52,-0.335878845647093,3
replay_right_torque_filelog,2.53,-0.33957512884488,3
replay_right_torque_filelog,2.54,-0.344259102800943,3
replay_right_torque_filelog,2.55,-0.350079180314528,3
replay_right_torque_filelog,2.56,-0.357088171306168,3
replay_right_torque_filelog,2.57,-0.364074726976086,3
replay_right_torque_filelog,2.58,-0.3715071141333,3
replay_right_torque_filelog,2.59,-0.378301091855462,3
replay_right_torque_filelog,2.6,-0.384773078596891,3
replay_right_torque_filelog,2.61,-0.391558648324142,3
replay_right_torque_filelog,2.62,-0.39928247829421,3
replay_right_torque_filelog,2.63,-0.407142308775208,3
replay_right_torque_filelog,2.64,-0.415216633052991,3
replay_right_torque_filelog,2.65,-0.408315756823203,3
replay_right_torque_filelog,2.66,0.0605862138162125,3
replay_right_torque_filelog,2.67,0.0343180054381165,3
replay_right_torque_filelog,2.68,-0.41470731681057,3
replay_right_torque_filelog,2.69,-0.306697767083462,3
replay_right_torque_filelog,2.7,-0.357376595834275,3
replay_right_torque_filelog,2.71,-0.169259617677726,3
replay_right_torque_filelog,2.72,-0.32402167329239,3
replay_right_torque_filelog,2.73,-0.295236739084951,3
replay_right_torque_filelog,2.74,-0.290096013226577,3
replay_right_torque_filelog,2.75,-0.291672980703701,3
replay_right_torque_filelog,2.76,-0.295024709650691,3
replay_right_torque_filelog,2.77,-0.299716991890801,3
replay_right_torque_filelog,2.78,-0.305029379358027,3
replay_right_torque_filelog,2.79,-0.310630012750563,3
replay_right_torque_filelog,2.8,-0.316202209312444,3
replay_right_torque_filelog,2.81,-0.321757985043875,3
replay_right_torque_filelog,2.82,-0.327100050821747,3
replay_right_torque_filelog,2.83,-0.332196876955777,3
replay_right_torque_filelog,2.84,-0.337472740954316,3
replay_right_torque_filelog,2.85,-0.343586941804525,3
replay_right_torque_filelog,2.86,-0.350086768501604,3
replay_right_torque_filelog,2.87,-0.357054623551702,3
replay_right_torque_filelog,2.88,-0.363758924361404,3
replay_right_torque_filelog,2.89,-0.37058614784202,3
replay_right_torque_filelog,2.9,-0.377704865748549,3
replay_right_torque_filelog,2.91,-0.385294081088025,3
replay_right_torque_filelog,2.92,-0.314373449048209,3
replay_right_torque_filelog,2.93,-0.309922005537175,3
replay_right_torque_filelog,2.94,-0.186096041838528,3
replay_right_torque_filelog,2.95,-0.414850109553243,3
replay_right_torque_filelog,2.96,-0.420753050063273,3
replay_right_torque_filelog,2.97,-0.180198692274592,3
replay_right_torque_filelog,2.98,-0.424101085393413,3
replay_right_torque_filelog,2.99,-0.397086014767738,3
replay_right_torque_filelog,3,-0.372796732375411,3
replay_right_torque_filelog,3.01,-0.0523464242594972,3
replay_right_torque_filelog,3.02,-0.337047316255739,3
replay_right_torque_filelog,3.03,-0.317585606746036,3
replay_right_torque_filelog,3.04,-0.314507906229936,3
replay_right_torque_filelog,3.05,-0.301179609039252,3
replay_right_torque_filelog,3.06,-0.301969677016016,3
replay_right_torque_filelog,3.07,-0.30382358199298,3
replay_right_torque_filelog,3.08,-0.306694416576632,3
replay_right_torque_filelog,3.09,-0.120381644482677,3
replay_right_torque_filelog,3.1,-0.0951522169214781,3
replay_right_torque_filelog,3.11,-0.349084961335626,3
replay_right_torque_filelog,3.12,-0.324644131420935,3
replay_right_torque_filelog,3.13,0.0207747933965103,3
replay_right_torque_filelog,3.14,-0.0662824681499791,3
replay_right_torque_filelog,3.15,-0.0902411336799311,3
replay_right_torque_filelog,3.16,-0.0277629236910009,3
replay_right_torque_filelog,3.17,-0.119615288536972,3
replay_right_torque_filelog,3.18,0.161157475293362,3
replay_right_torque_filelog,3.19,-0.445531879321831,3
replay_right_torque_filelog,3.2,-0.375807668364935,3
replay_right_torque_filelog,3.21,-0.0159577289258253,3
replay_right_torque_filelog,3.22,0.300919158048635,3
replay_right_torque_filelog,3.23,-0.136618816211896,3
replay_right_torque_filelog,3.24,-0.217870737561861,3
replay_right_torque_filelog,3.25,-0.042523508848998,3
replay_right_torque_filelog,3.26,-0.00583530930727793,3
replay_right_torque_filelog,3.27,-0.272481184446702,3
replay_right_torque_filelog,3.28,-0.453803973379458,3
replay_right_torque_filelog,3.29,-0.289758021832683,3
replay_right_torque_filelog,3.3,0.105045283033088,3
replay_right_torque_filelog,3.31,-0.474669665698082,3
replay_right_torque_filelog,3.32,-0.44359439391736,3
replay_right_torque_filelog,3.33,-0.287299428907296,3
replay_right_torque_filelog,3.34,-0.289094385374899,3
replay_right_torque_filelog,3.35,-0.194709455014903,3
replay_right_torque_filelog,3.36,-0.513893938691804,3
replay_right_torque_filelog,3.37,-0.523237645245603,3
replay_right_torque_filelog,3.38,-0.2614973224646,3
replay_right_torque_filelog,3.39,-0.370415051578863,3
replay_right_torque_filelog,3.4,-0.434867720744807,3
replay_right_torque_filelog,3.41,-0.0378654672506669,3
replay_right_torque_filelog,3.42,-0.35102864772054,3
replay_right_torque_filelog,3.43,-0.321011225714493,3
replay_right_torque_filelog,3.44,-0.293717177459775,3
replay_right_torque_filelog,3.45,-0.301998816168282,3
replay_right_torque_filelog,3.46,-0.253310899910985,3
replay_right_torque_filelog,3.47,-0.314233071415531,3
replay_right_torque_filelog,3.48,-0.271484524591493,3
replay_right_torque_filelog,3.49,0.023534561694256,3
replay_right_torque_filelog,3.5,0.0178889213434877,3
replay_right_torque_filelog,3.51,-0.31315494804592,3
replay_right_torque_filelog,3.52,-0.0206425958253168,3
replay_right_torque_filelog,3.53,-0.205907555911459,3
replay_right_torque_filelog,3.54,-0.00224240356307329,3
replay_right_torque_filelog,3.55,0.269260438826063,3
replay_right_torque_filelog,3.56,-0.113449002042629,3
replay_right_torque_filelog,3.57,-0.220390591887887,3
replay_right_torque_filelog,3.58,-0.122152798756082,3
replay_right_torque_filelog,3.59,0.320210878631843,3
replay_right_torque_filelog,3.6,0.0404552965317296,3
replay_right_torque_filelog,3.61,-0.00202772787173218,3
replay_right_torque_filelog,3.62,-0.0402882289619508,3
replay_right_torque_filelog,3.63,-0.131894510685876,3
replay_right_torque_filelog,3.64,-0.356169014363013,3
replay_right_torque_filelog,3.65,-0.163611398884883,3
replay_right_torque_filelog,3.66,-0.531486342636961,3
replay_right_torque_filelog,3.67,-0.303971946415637,3
replay_right_torque_filelog,3.68,-0.341456704055658,3
replay_right_torque_filelog,3.69,-0.523826515978513,3
replay_right_torque_filelog,3.7,-0.346602391756033,3
replay_right_torque_filelog,3.71,-0.408594741966601,3
replay_right_torque_filelog,3.72,-0.270222413806356,3
replay_right_torque_filelog,3.73,-0.346561764282176,3
replay_right_torque_filelog,3.74,-0.398644514246032,3
replay_right_torque_filelog,3.75,-0.190372522701283,3
replay_right_torque_filelog,3.76,-0.397477930561466,3
replay_right_torque_filelog,3.77,-0.37574684617018,3
replay_right_torque_filelog,3.78,-0.434140370709093,3
replay_right_torque_filelog,3.79,-0.404617521404723,3
replay_right_torque_filelog,3.8,-0.406457066996896,3
replay_right_torque_filelog,3.81,-0.380877234089947,3
replay_right_torque_filelog,3.82,-0.367040507230221,3
replay_right_torque_filelog,3.83,-0.353946205124201,3
replay_right_torque_filelog,3.84,-0.217604166064773,3
replay_right_torque_filelog,3.85,-0.0547050399630109,3
replay_right_torque_filelog,3.86,-0.374178666882102,3
replay_right_torque_filelog,3.87,-0.341901351039186,3
replay_right_torque_filelog,3.88,-0.185914998959292,3
replay_right_torque_filelog,3.89,-0.323780366356979,3
replay_right_torque_filelog,3.9,-0.315374161764251,3
replay_right_torque_filelog,3.91,-0.30144158898806,3
replay_right_torque_filelog,3.92,-0.306255920761364,3
replay_right_torque_filelog,3.93,-0.316057438406068,3
replay_right_torque_filelog,3.94,-0.329162416020788,3
replay_right_torque_filelog,3.95,-0.34316476093161,3
replay_right_torque_filelog,3.96,-0.0741399695238138,3
replay_right_torque_filelog,3.97,-0.349443511756096,3
replay_right_torque_filelog,3.98,-0.146213708989271,3
replay_right_torque_filelog,3.99,-0.307380234387017,3
replay_right_torque_filelog,4,-0.140204506461326,3
replay_right_torque_filelog,4.01,-0.255643240889377,3
replay_right_torque_filelog,4.02,-0.0801211838911194,3
replay_right_torque_filelog,4.03,-0.211080582542267,3
replay_right_torque_filelog,4.04,-0.204439299711628,3
replay_right_torque_filelog,4.05,-0.205554481474653,3
replay_right_torque_filelog,4.06,-0.212544779596749,3
replay_right_torque_filelog,4.07,-0.220182980584861,3
replay_right_torque_filelog,4.08,-0.228341067968758,3
replay_right_torque_filelog,4.09,-0.237794957213595,3
replay_right_torque_filelog,4.1,-0.246154200734575,3
replay_right_torque_filelog,4.11,-0.253370288499456,3
replay_right_torque_filelog,4.12,-0.259752063791375,3
replay_right_torque_filelog,4.13,-0.265630295003103,3
replay_right_torque_filelog,4.14,-0.271341330023643,3
replay_right_torque_filelog,4.15,-0.277377826249404,3
replay_right_torque_filelog,4.16,-0.284697416124739,3
replay_right_torque_filelog,4.17,-0.292301485604434,3
replay_right_torque_filelog,4.18,-0.298521972507368,3
replay_right_torque_filelog,4.19,-0.305026143081125,3
replay_right_torque_filelog,4.2,-0.312111066992849,3
replay_right_torque_filelog,4.21,-0.319025310206584,3
replay_right_torque_filelog,4.22,-0.327693419356976,3
replay_right_torque_filelog,4.23,-0.336995512016675,3
replay_right_torque_filelog,4.24,-0.345224397553712,3
replay_right_torque_filelog,4.25,-0.352631117501,3
replay_right_torque_filelog,4.26,-0.358678433873624,3
replay_right_torque_filelog,4.27,-0.225952265179109,3
replay_right_torque_filelog,4.28,-0.355930513845317,3
replay_right_torque_filelog,4.29,-0.253179170655503,3
replay_right_torque_filelog,4.3,-0.31451157010682,3
replay_right_torque_filelog,4.31,-0.306697700549515,3
replay_right_torque_filelog,4.32,-0.30343744574532,3
replay_right_torque_filelog,4.33,-0.315173057092222,3
replay_right_torque_filelog,4.34,-0.333264055639185,3
replay_right_torque_filelog,4.35,-0.326298252985424,3
replay_right_torque_filelog,4.36,-0.313827526634972,3
replay_right_torque_filelog,4.37,-0.403603052855276,3
replay_right_torque_filelog,4.38,-0.409608032146959,3
replay_right_torque_filelog,4.39,-0.249026505141308,3
replay_right_torque_filelog,4.4,-0.449359022728954,3
replay_right_torque_filelog,4.41,-0.469206044584509,3
replay_right_torque_filelog,4.42,-0.486903088255015,3
replay_right_torque_filelog,4.43,-0.480160231674261,3
replay_right_torque_filelog,4.44,-0.504091366797629,3
replay_right_torque_filelog,4.45,-0.188237681800123,3
replay_right_torque_filelog,4.46,-0.44722769355875,3
replay_right_torque_filelog,4.47,-0.398731051295878,3
replay_right_torque_filelog,4.48,-0.373836614711095,3
replay_right_torque_filelog,4.49,-0.36600013185853,3
replay_right_torque_filelog,4.5,-0.33140242574646,3
replay_right_torque_filelog,4.51,-0.327659281795026,3
replay_right_torque_filelog,4.52,-0.301482685724657,3
replay_right_torque_filelog,4.53,-0.267007880784801,3
replay_right_torque_filelog,4.54,-0.267348301941727,3
replay_right_torque_filelog,4.55,-0.248205845671745,3
replay_right_torque_filelog,4.56,-0.067729482541179,3
replay_right_torque_filelog,4.57,-0.239703872860028,3
replay_right_torque_filelog,4.58,-0.247002501163533,3
replay_right_torque_filelog,4.59,-0.227696190143492,3
replay_right_torque_filelog,4.6,-0.166833734951624,3
replay_right_torque_filelog,4.61,-0.23683790686725,3
replay_right_torque_filelog,4.62,-0.25062680696288,3
replay_right_torque_filelog,4.63,-0.271423888834076,3
replay_right_torque_filelog,4.64,-0.293083071955595,3
replay_right_torque_filelog,4.65,-0.31469460653426,3
replay_right_torque_filelog,4.66,-0.336857879885599,3
replay_right_torque_filelog,4.67,-0.358412772354331,3
replay_right_torque_filelog,4.68,-0.0229445214215924,3
replay_right_torque_filelog,4.69,-0.0795539599057306,3
replay_right_torque_filelog,4.7,-0.245854460237894,3
replay_right_torque_filelog,4.71,-0.408493406386067,3
replay_right_torque_filelog,4.72,-0.230994122905678,3
replay_right_torque_filelog,4.73,-0.42875279308193,3
replay_right_torque_filelog,4.74,-0.458341518268175,3
replay_right_torque_filelog,4.75,-0.459883018408394,3
replay_right_torque_filelog,4.76,-0.210454104825213,3
replay_right_torque_filelog,4.77,-0.470946651702663,3
replay_right_torque_filelog,4.78,-0.27310583549957,3
replay_right_torque_filelog,4.79,-0.452158712210162,3
replay_right_torque_filelog,4.8,-0.284044036654102,3
replay_right_torque_filelog,4.81,-0.40448858763153,3
replay_right_torque_filelog,4.82,-0.214625404117878,3
replay_right_torque_filelog,4.83,-0.368737173099955,3
replay_right_torque_filelog,4.84,-0.293350915655644,3
replay_right_torque_filelog,4.85,-0.277476868026539,3
replay_right_torque_filelog,4.86,-0.266332372435841,3
replay_right_torque_filelog,4.87,-0.257018009539318,3
replay_right_torque_filelog,4.88,-0.236193790503728,3
replay_right_torque_filelog,4.89,-0.231202683937339,3
replay_right_torque_filelog,4.9,-0.215714377427547,3
replay_right_torque_filelog,4.91,-0.209368112178761,3
replay_right_torque_filelog,4.92,-0.203662942535079,3
replay_right_torque_filelog,4.93,-0.199801847992901,3
replay_right_torque_filelog,4.94,-0.193696349325564,3
replay_right_torque_filelog,4.95,-0.18556977804415,3
replay_right_torque_filelog,4.96,-0.177202791385553,3
replay_right_torque_filelog,4.97,-0.170423740096832,3
replay_right_torque_filelog,4.98,-0.163955787099896,3
replay_right_torque_filelog,4.99,-0.158301656514451,3
replay_right_torque_filelog,5,-0.155011789974578,3
replay_right_torque_filelog,5.01,-0.156287848126272,3
replay_right_torque_filelog,5.02,-0.163500176198914,3
replay_right_torque_filelog,5.03,-0.174051411628638,3
replay_right_torque_filelog,5.04,-0.184085371726432,3
replay_right_torque_filelog,5.05,-0.188772926144291,3
replay_right_torque_filelog,5.06,-0.188376360054786,3
replay_right_torque_filelog,5.07,-0.185040836713385,3
replay_right_torque_filelog,5.08,-0.17805331472893,3
replay_right_torque_filelog,5.09,-0.168592908541737,3
replay_right_torque_filelog,5.1,-0.157287011672282,3
replay_right_torque_filelog,5.11,-0.144102798345777,3
replay_right_torque_filelog,5.12,-0.130807580504511,3
replay_right_torque_filelog,5.13,-0.116359338336864,3
replay_right_torque_filelog,5.14,-0.100774333138948,3
replay_right_torque_filelog,5.15,-0.0846768484484497,3
replay_right_torque_filelog,5.16,-0.0674753870665243,3
replay_right_torque_filelog,5.17,-0.0488232803153666,3
replay_right_torque_filelog,5.18,-0.0287905137443614,3
replay_right_torque_filelog,5.19,-0.00923426183467172,3
replay_right_torque_filelog,5.2,0.0086995202694257,3
replay_right_torque_filelog,5.21,0.0227581720442849,3
replay_right_torque_filelog,5.22,-0.211826061471935,3
replay_right_torque_filelog,5.23,-0.17248361943389,3
replay_right_torque_filelog,5.24,0.0392852157569029,3
replay_right_torque_filelog,5.25,0.0436857236543476,3
replay_right_torque_filelog,5.26,0.0485706920936769,3
replay_right_torque_filelog,5.27,0.0570462157155531,3
replay_right_torque_filelog,5.28,0.0675368065013898,3
replay_right_torque_filelog,5.29,0.084177511908592,3
replay_right_torque_filelog,5.3,0.114372030162609,3
replay_right_torque_filelog,5.31,0.079346894291658,3
replay_right_torque_filelog,5.32,0.167635621294995,3
replay_right_torque_filelog,5.33,0.20033380060916,3
replay_right_torque_filelog,5.34,0.228974083027247,3
replay_right_torque_filelog,5.35,0.258387431899219,3
replay_right_torque_filelog,5.36,0.281169530213565,3
replay_right_torque_filelog,5.37,0.311084198770846,3
replay_right_torque_filelog,5.38,0.294281124428966,3
replay_right_torque_filelog,5.39,0.244922459040587,3
replay_right_torque_filelog,5.4,0.233009697887191,3
replay_right_torque_filelog,5.41,0.209928896528935,3
replay_right_torque_filelog,5.42,0.0239267629745745,3
replay_right_torque_filelog,5.43,-0.207776632356324,3
replay_right_torque_filelog,5.44,-0.219116304666726,3
replay_right_torque_filelog,5.45,0.105270756111376,3
replay_right_torque_filelog,5.46,0.0715030865180182,3
replay_right_torque_filelog,5.47,0.0267715858407298,3
replay_right_torque_filelog,5.48,-0.00360084645323823,3
replay_right_torque_filelog,5.49,-0.0267844521007018,3
replay_right_torque_filelog,5.5,-0.0495516226701845,3
replay_right_torque_filelog,5.51,-0.0711999869602566,3
replay_right_torque_filelog,5.52,-0.092080586755717,3
replay_right_torque_filelog,5.53,-0.11187936906477,3
replay_right_torque_filelog,5.54,-0.130990352524801,3
replay_right_torque_filelog,5.55,-0.149812453769072,3
replay_right_torque_filelog,5.56,-0.167786281274877,3
replay_right_torque_filelog,5.57,-0.185589977673839,3
replay_right_torque_filelog,5.58,-0.129012714425861,3
replay_right_torque_filelog,5.59,-0.217943499187377,3
replay_right_torque_filelog,5.6,-0.23317701715749,3
replay_right_torque_filelog,5.61,-0.247872788792837,3
replay_right_torque_filelog,5.62,-0.26216306611538,3
replay_right_torque_filelog,5.63,-0.272959395508442,3
replay_right_torque_filelog,5.64,-0.280288212650248,3
replay_right_torque_filelog,5.65,-0.285074915113838,3
replay_right_torque_filelog,5.66,-0.289820860995715,3
replay_right_torque_filelog,5.67,-0.294789269055718,3
replay_right_torque_filelog,5.68,-0.298552875700176,3
replay_right_torque_filelog,5.69,-0.300553687728093,3
replay_right_torque_filelog,5.7,-0.299773520890717,3
replay_right_torque_filelog,5.71,-0.296077099544244,3
replay_right_torque_filelog,5.72,-0.290143349661593,3
replay_right_torque_filelog,5.73,-0.282582129489701,3
replay_right_torque_filelog,5.74,-0.274986618088137,3
replay_right_torque_filelog,5.75,-0.266429860352956,3
replay_right_torque_filelog,5.76,-0.253224076913514,3
replay_right_torque_filelog,5.77,-0.23439516869719,3
replay_right_torque_filelog,5.78,-0.212272985897869,3
replay_right_torque_filelog,5.79,-0.188965833736871,3
replay_right_torque_filelog,5.8,-0.16585202780613,3
replay_right_torque_filelog,5.81,-0.14436459600832,3
replay_right_torque_filelog,5.82,-0.123011733056324,3
replay_right_torque_filelog,5.83,-0.10041204955781,3
replay_right_torque_filelog,5.84,-0.0770792037951931,3
replay_right_torque_filelog,5.85,-0.0529687590298319,3
replay_right_torque_filelog,5.86,-0.0281802590237046,3
replay_right_torque_filelog,5.87,-0.00532899735005303,3
replay_right_torque_filelog,5.88,0.0114094032637046,3
replay_right_torque_filelog,5.89,0.022645913181481,3
replay_right_torque_filelog,5.9,0.0303920651978604,3
replay_right_torque_filelog,5.91,0.0362732316489563,3
replay_right_torque_filelog,5.92,0.0433024633091258,3
replay_right_torque_filelog,5.93,0.0479049191560905,3
replay_right_torque_filelog,5.94,0.0547467044433533,3
replay_right_torque_filelog,5.95,0.06152105170977,3
replay_right_torque_filelog,5.96,0.0593367710441552,3
replay_right_torque_filelog,5.97,0.0861260434157331,3
replay_right_torque_filelog,5.98,0.0593216762021542,3
replay_right_torque_filelog,5.99,0.0687663626793653,3
replay_right_torque_filelog,6,0.0771692923774643,3
replay_right_torque_filelog,6.01,0.0802150882619775,3
replay_right_torque_filelog,6.02,0.0733919397405033,3
replay_right_torque_filelog,6.03,0.0565060708824845,3
replay_right_torque_filelog,6.04,0.0307032537688824,3
replay_right_torque_filelog,6.05,0.00572421295617395,3
replay_right_torque_filelog,6.06,-0.0147735955172052,3
replay_right_torque_filelog,6.07,-0.0333058574966921,3
replay_right_torque_filelog,6.08,-0.0533576376840301,3
replay_right_torque_filelog,6.09,-0.074566793667845,3
replay_right_torque_filelog,6.1,-0.0952831362372959,3
replay_right_torque_filelog,6.11,-0.114901346796548,3
replay_right_torque_filelog,6.12,-0.131376282525152,3
replay_right_torque_filelog,6.13,-0.146776342007962,3
replay_right_torque_filelog,6.14,-0.159979487921087,3
replay_right_torque_filelog,6.15,-0.17020118224286,3
replay_right_torque_filelog,6.16,-0.198240006277836,3
replay_right_torque_filelog,6.17,-0.203268937067029,3
replay_right_torque_filelog,6.18,0.154387298980954,3
replay_right_torque_filelog,6.19,-0.213545463635471,3
replay_right_torque_filelog,6.2,0.158626535416095,3
replay_right_torque_filelog,6.21,-0.242573517605878,3
replay_right_torque_filelog,6.22,-0.264687902580641,3
replay_right_torque_filelog,6.23,-0.288071446759134,3
replay_right_torque_filelog,6.24,-0.314674230007685,3
replay_right_torque_filelog,6.25,-0.340471747386585,3
replay_right_torque_filelog,6.26,-0.367044526776997,3
replay_right_torque_filelog,6.27,-0.394051618982797,3
replay_right_torque_filelog,6.28,-0.420263221287408,3
replay_right_torque_filelog,6.29,-0.445136403882317,3
replay_right_torque_filelog,6.3,-0.471784870222815,3
replay_right_torque_filelog,6.31,-0.495779178276109,3
replay_right_torque_filelog,6.32,-0.184976549596247,3
replay_right_torque_filelog,6.33,-0.528602940152281,3
replay_right_torque_filelog,6.34,-0.259357406993639,3
replay_right_torque_filelog,6.35,-0.45303558824831,3
replay_right_torque_filelog,6.36,-0.213072008809331,3
replay_right_torque_filelog,6.37,-0.277456252978291,3
replay_right_torque_filelog,6.38,-0.0580644790104656,3
replay_right_torque_filelog,6.39,-0.4155933059813,3
replay_right_torque_filelog,6.4,-0.198820723701692,3
replay_right_torque_filelog,6.41,-0.357085019802458,3
replay_right_torque_filelog,6.42,-0.233330604613689,3
replay_right_torque_filelog,6.43,-0.312355367022322,3
replay_right_torque_filelog,6.44,-0.307422958742524,3
replay_right_torque_filelog,6.45,-0.30550050220882,3
replay_right_torque_filelog,6.46,-0.128982784748129,3
replay_right_torque_filelog,6.47,-0.328783605157376,3
replay_right_torque_filelog,6.48,-0.365962228699022,3
replay_right_torque_filelog,6.49,-0.374900831862168,3
replay_right_torque_filelog,6.5,-0.163638434825979,3
replay_right_torque_filelog,6.51,-0.39230888748967,3
replay_right_torque_filelog,6.52,-0.390954214273006,3
replay_right_torque_filelog,6.53,-0.367604287319709,3
replay_right_torque_filelog,6.54,-0.356520796853746,3
replay_right_torque_filelog,6.55,-0.335925795025351,3
replay_right_torque_filelog,6.56,-0.368806400228196,3
replay_right_torque_filelog,6.57,-0.231443061987288,3
replay_right_torque_filelog,6.58,-0.371986856028323,3
replay_right_torque_filelog,6.59,-0.0493300666310068,3
replay_right_torque_filelog,6.6,-0.20140706539156,3
replay_right_torque_filelog,6.61,0.0726066528194438,3
replay_right_torque_filelog,6.62,-0.151847906706441,3
replay_right_torque_filelog,6.63,0.159774411414655,3
replay_right_torque_filelog,6.64,-0.10201567237002,3
replay_right_torque_filelog,6.65,0.192893328156434,3
replay_right_torque_filelog,6.66,-0.0303451370889161,3
replay_right_torque_filelog,6.67,-0.131268375964188,3
replay_right_torque_filelog,6.68,-0.0192907977197224,3
replay_right_torque_filelog,6.69,-0.124483443105779,3
replay_right_torque_filelog,6.7,-0.0921005719234792,3
replay_right_torque_filelog,6.71,-0.030266312486938,3
replay_right_torque_filelog,6.72,0.108858211270049,3
replay_right_torque_filelog,6.73,0.18458056940094,3
replay_right_torque_filelog,6.74,-0.0877185747270887,3
replay_right_torque_filelog,6.75,0.185901793982038,3
replay_right_torque_filelog,6.76,-0.251482652146227,3
replay_right_torque_filelog,6.77,0.204627598081143,3
replay_right_torque_filelog,6.78,-0.0524805936597114,3
replay_right_torque_filelog,6.79,0.137186880283142,3
replay_right_torque_filelog,6.8,0.184978114180223,3
replay_right_torque_filelog,6.81,-0.00401858987938608,3
replay_right_torque_filelog,6.82,-0.0150823307174591,3
replay_right_torque_filelog,6.83,-0.186460202981319,3
replay_right_torque_filelog,6.84,0.0933557900768223,3
replay_right_torque_filelog,6.85,0.0546220588031155,3
replay_right_torque_filelog,6.86,0.0639191588997588,3
replay_right_torque_filelog,6.87,0.080163803331397,3
replay_right_torque_filelog,6.88,-0.194046325424409,3
replay_right_torque_filelog,6.89,0.110787367830363,3
replay_right_torque_filelog,6.9,0.0560181987902599,3
replay_right_torque_filelog,6.91,-0.204426834247885,3
replay_right_torque_filelog,6.92,0.00787639476302472,3
replay_right_torque_filelog,6.93,-0.282328973268809,3
