title,year,venue,doi,pdf_status,ai_role,control_base,optimized_parameters,objective,sensors,subjects,metrics,semantic_input_type,semantic_output_type,robot_closed_loop,parameter_mapping,implementation_difficulty,quick_paper_fit,relevance_score,why_relevant
A Two-Layer Human-in-the-Loop Optimization Framework for Customizing Lower-Limb Exoskeleton Assistance,2023,,10.36227/techrxiv.22327378.v1,manual_pdf,参数优化器,"impedance control, low-frequency optimizer, high-level interface","助力强度/Amplitude/torque profile, MO_Kp/MO_Kd/阻抗参数",metabolic cost,"IMU, 膝力矩/交互力矩, 治疗师/语义输入",未从摘要确认,metabolic cost,therapist instruction / clinical goal,"control/impedance parameters, trajectory or gait features, mode switching / intent",simulation only,"Amplitude / assistive torque / SafeTorque, MO_Kp / MO_Kd / MO_OverwriteKpGain",medium,future extension,115,最贴近低频优化 DMP/阻抗参数的接入方式；可映射到 MO_Kp/MO_Kd；可映射到 DMP Amplitude 和 SafeTorque 约束；语义/治疗师输入可作为高层参数或模式选择接口，但优先级低于优化器和状态估计器；涉及本研究不使用的 EMG/IMU，仅作方法参考，不作为直接实现模板
A Two-Layer Human-in-the-Loop Optimization Framework for Customizing Lower-Limb Exoskeleton Assistance,2023,,10.36227/techrxiv.22327378,manual_pdf,参数优化器,"impedance control, low-frequency optimizer, high-level interface","助力强度/Amplitude/torque profile, MO_Kp/MO_Kd/阻抗参数",metabolic cost,"IMU, 膝力矩/交互力矩, 治疗师/语义输入",未从摘要确认,metabolic cost,therapist instruction / clinical goal,"control/impedance parameters, trajectory or gait features, mode switching / intent",simulation only,"Amplitude / assistive torque / SafeTorque, MO_Kp / MO_Kd / MO_OverwriteKpGain",medium,future extension,115,最贴近低频优化 DMP/阻抗参数的接入方式；可映射到 MO_Kp/MO_Kd；可映射到 DMP Amplitude 和 SafeTorque 约束；语义/治疗师输入可作为高层参数或模式选择接口，但优先级低于优化器和状态估计器；涉及本研究不使用的 EMG/IMU，仅作方法参考，不作为直接实现模板
A Lower Limb Exoskeleton Adaptive Control Method Based on Model-free Reinforcement Learning and Improved Dynamic Movement Primitives,2025,Journal of Intelligent & Robotic Systems,10.1007/s10846-025-02230-7,open_access_pdf,参数优化器,"impedance control, DMP, low-frequency optimizer","助力时机/phase_offset, MO_Kp/MO_Kd/阻抗参数",interaction torque/force,膝力矩/交互力矩,15 healthy,interaction torque/force,not semantic / not reported,"control/impedance parameters, trajectory or gait features, mode switching / intent",yes/likely,"Amplitude / assistive torque / SafeTorque, phase_offset / Phi / Phase0Event, MO_Kp / MO_Kd / MO_OverwriteKpGain",not applicable,not semantic route,106,最贴近低频优化 DMP/阻抗参数的接入方式；可映射到 MO_Kp/MO_Kd；可映射到 AO/Phi/Phase0Event 与 phase_offset
Human-in-the-loop Optimisation in Robot-assisted Gait Training,2025,ArXiv.org,10.48550/arxiv.2510.05780,open_access_pdf,参数优化器,"low-frequency optimizer, high-level interface","助力强度/Amplitude/torque profile, MO_Kp/MO_Kd/阻抗参数",待确认,治疗师/语义输入,healthy participants（数量待查 PDF）,待从 PDF/全文确认,therapist instruction / clinical goal,"control/impedance parameters, trajectory or gait features",yes/likely,"Amplitude / assistive torque / SafeTorque, MO_Kp / MO_Kd / MO_OverwriteKpGain",medium,secondary angle only,99,最贴近低频优化 DMP/阻抗参数的接入方式；可映射到 DMP Amplitude 和 SafeTorque 约束；语义/治疗师输入可作为高层参数或模式选择接口，但优先级低于优化器和状态估计器
"Comparing optimized exoskeleton assistance of the hip, knee, and ankle in single and multi-joint configurations",2021,Wearable Technologies,10.1017/wtc.2021.14,open_access_pdf,参数优化器,low-frequency optimizer,助力强度/Amplitude/torque profile,metabolic cost,IMU,未从摘要确认,metabolic cost,not semantic / not reported,not reported,not confirmed,Amplitude / assistive torque / SafeTorque,not applicable,not semantic route,96,最贴近低频优化 DMP/阻抗参数的接入方式；可映射到 DMP Amplitude 和 SafeTorque 约束；涉及本研究不使用的 EMG/IMU，仅作方法参考，不作为直接实现模板
On human-in-the-loop optimization of human–robot interaction,2024,Nature,10.1038/s41586-024-07697-2,open_access_pdf,参数优化器,"impedance control, low-frequency optimizer","助力强度/Amplitude/torque profile, MO_Kp/MO_Kd/阻抗参数",待确认,待确认,未从摘要确认,待从 PDF/全文确认,not semantic / not reported,not reported,not confirmed,"Amplitude / assistive torque / SafeTorque, MO_Kp / MO_Kd / MO_OverwriteKpGain",not applicable,not semantic route,95,最贴近低频优化 DMP/阻抗参数的接入方式；可映射到 MO_Kp/MO_Kd；可映射到 DMP Amplitude 和 SafeTorque 约束
Reducing the muscle activity of walking using a portable hip exoskeleton based on human-in-the-loop optimization,2023,Frontiers in Bioengineering and Biotechnology,10.3389/fbioe.2023.1006326,open_access_pdf,参数优化器,low-frequency optimizer,助力强度/Amplitude/torque profile,metabolic cost,膝力矩/交互力矩,未从摘要确认,metabolic cost,not semantic / not reported,not reported,yes/likely,Amplitude / assistive torque / SafeTorque,not applicable,not semantic route,95,最贴近低频优化 DMP/阻抗参数的接入方式；可映射到 DMP Amplitude 和 SafeTorque 约束
Review of adaptive control for stroke lower limb exoskeleton rehabilitation robot based on motion intention recognition,2023,Frontiers in Neurorobotics,10.3389/fnbot.2023.1186175,open_access_pdf,状态估计器,"impedance control, DMP","助力强度/Amplitude/torque profile, MO_Kp/MO_Kd/阻抗参数",待确认,待确认,stroke participants/patients（数量待查 PDF）,待从 PDF/全文确认,therapist instruction / clinical goal,mode switching / intent,not confirmed,"Amplitude / assistive torque / SafeTorque, MO_Kp / MO_Kd / MO_OverwriteKpGain",not applicable,not semantic route,94,可增强 AO/Phi/Phase0Event 或足底负重/意图估计；可映射到 MO_Kp/MO_Kd；可映射到 DMP Amplitude 和 SafeTorque 约束
A Two-Layer Human-in-the-Loop Optimization Framework for Customizing Lower-Limb Exoskeleton Assistance,2023,2023 American Control Conference (ACC),10.23919/acc55779.2023.10155858,metadata_only,参数优化器,"impedance control, low-frequency optimizer, high-level interface","助力强度/Amplitude/torque profile, MO_Kp/MO_Kd/阻抗参数",待确认,治疗师/语义输入,未从摘要确认,待从 PDF/全文确认,therapist instruction / clinical goal,not reported,not confirmed,"Amplitude / assistive torque / SafeTorque, MO_Kp / MO_Kd / MO_OverwriteKpGain",medium,future extension,94,最贴近低频优化 DMP/阻抗参数的接入方式；可映射到 MO_Kp/MO_Kd；可映射到 DMP Amplitude 和 SafeTorque 约束；语义/治疗师输入可作为高层参数或模式选择接口，但优先级低于优化器和状态估计器
Shaping high-performance wearable robots for human motor and sensory reconstruction and enhancement,2024,Nature Communications,10.1038/s41467-024-46249-0,open_access_pdf,参数优化器,"impedance control, DMP, low-frequency optimizer",MO_Kp/MO_Kd/阻抗参数,待确认,待确认,未从摘要确认,待从 PDF/全文确认,GUI/button/shared-control interface,not reported,not confirmed,MO_Kp / MO_Kd / MO_OverwriteKpGain,not applicable,not semantic route,91,最贴近低频优化 DMP/阻抗参数的接入方式；可映射到 MO_Kp/MO_Kd
Optimization of Torque-Control Model for Quasi-Direct-Drive Knee Exoskeleton Robots Based on Regression Forecasting,2024,Sensors,10.3390/s24051505,abstract_only,参数优化器,"impedance control, low-frequency optimizer",MO_Kp/MO_Kd/阻抗参数,EMG reduction/activity,"IMU, 膝力矩/交互力矩, EMG",未从摘要确认,EMG reduction/activity,not semantic / not reported,"control/impedance parameters, mode switching / intent",yes/likely,"Amplitude / assistive torque / SafeTorque, MO_Kp / MO_Kd / MO_OverwriteKpGain",not applicable,not semantic route,87,最贴近低频优化 DMP/阻抗参数的接入方式；可映射到 MO_Kp/MO_Kd；涉及本研究不使用的 EMG/IMU，仅作方法参考，不作为直接实现模板
Reducing Squat Physical Effort Using Personalized Assistance From an Ankle Exoskeleton,2022,IEEE Transactions on Neural Systems and Rehabilitation Engineering,10.1109/tnsre.2022.3186692,open_access_pdf,参数优化器,low-frequency optimizer,助力强度/Amplitude/torque profile,"metabolic cost, gait symmetry",待确认,stroke participants/patients（数量待查 PDF）,"metabolic cost, gait symmetry",not semantic / not reported,"control/impedance parameters, trajectory or gait features",not confirmed,Amplitude / assistive torque / SafeTorque,not applicable,not semantic route,84,最贴近低频优化 DMP/阻抗参数的接入方式；可映射到 DMP Amplitude 和 SafeTorque 约束
Ultra-Robust Real-Time Estimation of Gait Phase,2022,IEEE Transactions on Neural Systems and Rehabilitation Engineering,10.1109/tnsre.2022.3207919,manual_pdf,参数优化器,"impedance control, low-frequency optimizer","助力时机/phase_offset, MO_Kp/MO_Kd/阻抗参数, tau/持续时间",RMSE,膝角度,14 participants,RMSE,not semantic / not reported,trajectory or gait features,not confirmed,"phase_offset / Phi / Phase0Event, tau, MO_Kp / MO_Kd / MO_OverwriteKpGain",not applicable,not semantic route,81,最贴近低频优化 DMP/阻抗参数的接入方式；可映射到 MO_Kp/MO_Kd；可映射到 AO/Phi/Phase0Event 与 phase_offset
Compensating elastic faults in a torque-assisted knee exoskeleton: functional evaluation and user perception study,2024,Journal of NeuroEngineering and Rehabilitation,10.1186/s12984-024-01531-6,open_access_pdf,参数优化器,"impedance control, PD/torque control, low-frequency optimizer","助力强度/Amplitude/torque profile, MO_Kp/MO_Kd/阻抗参数","comfort score, safety constraint",膝力矩/交互力矩,未从摘要确认,"comfort score, safety constraint",not semantic / not reported,"control/impedance parameters, trajectory or gait features, mode switching / intent",yes/likely,"Amplitude / assistive torque / SafeTorque, MO_Kp / MO_Kd / MO_OverwriteKpGain, SafeTorque / safety constraints",not applicable,not semantic route,81,最贴近低频优化 DMP/阻抗参数的接入方式；可映射到 MO_Kp/MO_Kd；可映射到 DMP Amplitude 和 SafeTorque 约束
Simulating human-in-the-loop optimization of exoskeleton assistance to compare optimization algorithm performance,2024,,10.1101/2024.04.05.587982,abstract_only,参数优化器,"low-frequency optimizer, high-level interface",助力强度/Amplitude/torque profile,metabolic cost,"IMU, 治疗师/语义输入",未从摘要确认,metabolic cost,therapist instruction / clinical goal,"control/impedance parameters, mode switching / intent",yes/likely,Amplitude / assistive torque / SafeTorque,medium,secondary angle only,80,最贴近低频优化 DMP/阻抗参数的接入方式；可映射到 DMP Amplitude 和 SafeTorque 约束；语义/治疗师输入可作为高层参数或模式选择接口，但优先级低于优化器和状态估计器；涉及本研究不使用的 EMG/IMU，仅作方法参考，不作为直接实现模板
Soft Wearable Robots: Development Status and Technical Challenges,2022,Sensors,10.3390/s22197584,manual_pdf,参数优化器,"impedance control, low-frequency optimizer","助力强度/Amplitude/torque profile, MO_Kp/MO_Kd/阻抗参数",待确认,待确认,未从摘要确认,待从 PDF/全文确认,not semantic / not reported,not reported,not confirmed,"Amplitude / assistive torque / SafeTorque, MO_Kp / MO_Kd / MO_OverwriteKpGain",not applicable,not semantic route,79,最贴近低频优化 DMP/阻抗参数的接入方式；可映射到 MO_Kp/MO_Kd；可映射到 DMP Amplitude 和 SafeTorque 约束
EMG-based Human-In-The Loop Bayesian Optimization to Assist Free Leg Swinging,2025,Preprints.org,10.20944/preprints202501.1346.v1,abstract_only,参数优化器,low-frequency optimizer,"助力强度/Amplitude/torque profile, tau/持续时间","metabolic cost, EMG reduction/activity","膝力矩/交互力矩, EMG",未从摘要确认,"metabolic cost, EMG reduction/activity",not semantic / not reported,control/impedance parameters,not confirmed,"Amplitude / assistive torque / SafeTorque, tau",not applicable,not semantic route,76,最贴近低频优化 DMP/阻抗参数的接入方式；可映射到 DMP Amplitude 和 SafeTorque 约束；涉及本研究不使用的 EMG/IMU，仅作方法参考，不作为直接实现模板
Human-in-the-Loop Optimization of Exoskeleton Assistance Via Online Simulation of Metabolic Cost,2022,IEEE Transactions on Robotics,10.1109/tro.2021.3133137,open_access_pdf,参数优化器,"impedance control, low-frequency optimizer","助力强度/Amplitude/torque profile, MO_Kp/MO_Kd/阻抗参数",metabolic cost,"IMU, 膝力矩/交互力矩",未从摘要确认,metabolic cost,not semantic / not reported,"control/impedance parameters, mode switching / intent",simulation only,"Amplitude / assistive torque / SafeTorque, MO_Kp / MO_Kd / MO_OverwriteKpGain",not applicable,not semantic route,75,最贴近低频优化 DMP/阻抗参数的接入方式；可映射到 MO_Kp/MO_Kd；可映射到 DMP Amplitude 和 SafeTorque 约束；涉及本研究不使用的 EMG/IMU，仅作方法参考，不作为直接实现模板
A unilateral robotic knee exoskeleton to assess the role of natural gait assistance in hemiparetic patients,2022,Journal of NeuroEngineering and Rehabilitation,10.1186/s12984-022-01088-2,open_access_pdf,参数优化器,low-frequency optimizer,"助力时机/phase_offset, 助力强度/Amplitude/torque profile, tau/持续时间",gait symmetry,足底压力/力传感,stroke participants/patients（数量待查 PDF）,gait symmetry,not semantic / not reported,"control/impedance parameters, trajectory or gait features",yes/likely,"Amplitude / assistive torque / SafeTorque, phase_offset / Phi / Phase0Event, tau",not applicable,not semantic route,75,最贴近低频优化 DMP/阻抗参数的接入方式；可映射到 AO/Phi/Phase0Event 与 phase_offset；可映射到 DMP Amplitude 和 SafeTorque 约束
Precision Interaction Force Control of an Underactuated Hydraulic Stance Leg Exoskeleton Considering the Constraint from the Wearer,2021,Machines,10.3390/machines9050096,manual_pdf,参数优化器,"impedance control, low-frequency optimizer",MO_Kp/MO_Kd/阻抗参数,"interaction torque/force, safety constraint","IMU, 足底压力/力传感",未从摘要确认,"interaction torque/force, safety constraint",not semantic / not reported,"trajectory or gait features, mode switching / intent",simulation only,"MO_Kp / MO_Kd / MO_OverwriteKpGain, SafeTorque / safety constraints",not applicable,not semantic route,75,最贴近低频优化 DMP/阻抗参数的接入方式；可映射到 MO_Kp/MO_Kd；涉及本研究不使用的 EMG/IMU，仅作方法参考，不作为直接实现模板
Motion generation for walking exoskeleton robot using multiple dynamic movement primitives sequences combined with reinforcement learning,2022,Robotica,10.1017/s0263574721001934,abstract_only,轨迹生成器/学习器,"impedance control, DMP",MO_Kp/MO_Kd/阻抗参数,stability,待确认,未从摘要确认,stability,not semantic / not reported,"control/impedance parameters, trajectory or gait features, mode switching / intent",yes/likely,MO_Kp / MO_Kd / MO_OverwriteKpGain,not applicable,not semantic route,74,可映射到 MO_Kp/MO_Kd
Personalizing exoskeleton assistance while walking in the real world,2022,Nature,10.1038/s41586-022-05191-1,open_access_pdf,参数优化器,"impedance control, low-frequency optimizer","助力强度/Amplitude/torque profile, MO_Kp/MO_Kd/阻抗参数, tau/持续时间",metabolic cost,待确认,未从摘要确认,metabolic cost,not semantic / not reported,control/impedance parameters,not confirmed,"Amplitude / assistive torque / SafeTorque, tau, MO_Kp / MO_Kd / MO_OverwriteKpGain",not applicable,not semantic route,73,最贴近低频优化 DMP/阻抗参数的接入方式；可映射到 MO_Kp/MO_Kd；可映射到 DMP Amplitude 和 SafeTorque 约束
Dynamic movement primitives in robotics: A tutorial survey,2023,The International Journal of Robotics Research,10.1177/02783649231201196,open_access_pdf,轨迹生成器/学习器,"impedance control, DMP, high-level interface",MO_Kp/MO_Kd/阻抗参数,待确认,治疗师/语义输入,未从摘要确认,待从 PDF/全文确认,GUI/button/shared-control interface,mode switching / intent,yes/likely,MO_Kp / MO_Kd / MO_OverwriteKpGain,medium,secondary angle only,73,可映射到 MO_Kp/MO_Kd；语义/治疗师输入可作为高层参数或模式选择接口，但优先级低于优化器和状态估计器
Reducing the energy cost of walking with low assistance levels through optimized hip flexion assistance from a soft exosuit,2022,Scientific Reports,10.1038/s41598-022-14784-9,open_access_pdf,参数优化器,low-frequency optimizer,助力强度/Amplitude/torque profile,metabolic cost,"IMU, 膝力矩/交互力矩",healthy participants（数量待查 PDF）,metabolic cost,not semantic / not reported,trajectory or gait features,simulation only,Amplitude / assistive torque / SafeTorque,not applicable,not semantic route,72,最贴近低频优化 DMP/阻抗参数的接入方式；可映射到 DMP Amplitude 和 SafeTorque 约束；涉及本研究不使用的 EMG/IMU，仅作方法参考，不作为直接实现模板
Selection of Muscle-Activity-Based Cost Function in Human-in-the-Loop Optimization of Multi-Gait Ankle Exoskeleton Assistance,2021,IEEE Transactions on Neural Systems and Rehabilitation Engineering,10.1109/tnsre.2021.3082198,open_access_pdf,参数优化器,low-frequency optimizer,"助力强度/Amplitude/torque profile, tau/持续时间",metabolic cost,"IMU, 足底压力/力传感",healthy participants（数量待查 PDF）,metabolic cost,GUI/button/shared-control interface,trajectory or gait features,yes/likely,"Amplitude / assistive torque / SafeTorque, tau",not applicable,not semantic route,72,最贴近低频优化 DMP/阻抗参数的接入方式；可映射到 DMP Amplitude 和 SafeTorque 约束；涉及本研究不使用的 EMG/IMU，仅作方法参考，不作为直接实现模板
Optimizing exoskeleton assistance to improve walking speed and energy economy for older adults,2024,Journal of NeuroEngineering and Rehabilitation,10.1186/s12984-023-01287-5,open_access_pdf,参数优化器,low-frequency optimizer,"助力强度/Amplitude/torque profile, tau/持续时间",metabolic cost,"IMU, 膝力矩/交互力矩",healthy participants（数量待查 PDF）,metabolic cost,not semantic / not reported,not reported,not confirmed,"Amplitude / assistive torque / SafeTorque, tau",not applicable,not semantic route,72,最贴近低频优化 DMP/阻抗参数的接入方式；可映射到 DMP Amplitude 和 SafeTorque 约束；涉及本研究不使用的 EMG/IMU，仅作方法参考，不作为直接实现模板
Soft wearable flexible bioelectronics integrated with an ankle-foot exoskeleton for estimation of metabolic costs and physical effort,2023,npj Flexible Electronics,10.1038/s41528-023-00239-2,open_access_pdf,参数优化器,low-frequency optimizer,待确认,metabolic cost,足底压力/力传感,未从摘要确认,metabolic cost,not semantic / not reported,not reported,not confirmed,no direct mapping confirmed,not applicable,not semantic route,72,最贴近低频优化 DMP/阻抗参数的接入方式
Framework for Personalizing Wearable Devices Using Real-Time Physiological Measures,2023,IEEE Access,10.1109/access.2023.3299873,manual_pdf,参数优化器,low-frequency optimizer,"助力强度/Amplitude/torque profile, tau/持续时间","metabolic cost, comfort score",足底压力/力传感,未从摘要确认,"metabolic cost, comfort score",not semantic / not reported,"control/impedance parameters, trajectory or gait features",not confirmed,"Amplitude / assistive torque / SafeTorque, tau",not applicable,not semantic route,72,最贴近低频优化 DMP/阻抗参数的接入方式；可映射到 DMP Amplitude 和 SafeTorque 约束
"Comprehensive Comparative Analysis of Lower Limb Exoskeleton Research: Control, Design, and Application",2025,,10.20944/preprints202505.2023.v2,abstract_only,状态估计器,"impedance control, high-level interface","助力时机/phase_offset, 助力强度/Amplitude/torque profile, MO_Kp/MO_Kd/阻抗参数","EMG reduction/activity, stability","IMU, 膝力矩/交互力矩, EMG, 治疗师/语义输入",stroke participants/patients（数量待查 PDF）,"EMG reduction/activity, stability",not semantic / not reported,"trajectory or gait features, mode switching / intent",simulation only,"Amplitude / assistive torque / SafeTorque, phase_offset / Phi / Phase0Event, MO_Kp / MO_Kd / MO_OverwriteKpGain",medium,future extension,72,可增强 AO/Phi/Phase0Event 或足底负重/意图估计；可映射到 MO_Kp/MO_Kd；可映射到 AO/Phi/Phase0Event 与 phase_offset；可映射到 DMP Amplitude 和 SafeTorque 约束；语义/治疗师输入可作为高层参数或模式选择接口，但优先级低于优化器和状态估计器；涉及本研究不使用的 EMG/IMU，仅作方法参考，不作为直接实现模板
"Comprehensive Comparative Analysis of Lower Limb Exoskeleton Research: Control, Design, and Application",2025,,10.20944/preprints202505.2023.v1,abstract_only,状态估计器,"impedance control, high-level interface","助力时机/phase_offset, 助力强度/Amplitude/torque profile, MO_Kp/MO_Kd/阻抗参数","EMG reduction/activity, stability","IMU, 膝力矩/交互力矩, EMG, 治疗师/语义输入",stroke participants/patients（数量待查 PDF）,"EMG reduction/activity, stability",not semantic / not reported,"trajectory or gait features, mode switching / intent",simulation only,"Amplitude / assistive torque / SafeTorque, phase_offset / Phi / Phase0Event, MO_Kp / MO_Kd / MO_OverwriteKpGain",medium,future extension,72,可增强 AO/Phi/Phase0Event 或足底负重/意图估计；可映射到 MO_Kp/MO_Kd；可映射到 AO/Phi/Phase0Event 与 phase_offset；可映射到 DMP Amplitude 和 SafeTorque 约束；语义/治疗师输入可作为高层参数或模式选择接口，但优先级低于优化器和状态估计器；涉及本研究不使用的 EMG/IMU，仅作方法参考，不作为直接实现模板
Review on Control Strategies for Lower Limb Rehabilitation Exoskeletons,2021,IEEE Access,10.1109/access.2021.3110595,manual_pdf,参数优化器,"impedance control, low-frequency optimizer, high-level interface",MO_Kp/MO_Kd/阻抗参数,待确认,治疗师/语义输入,未从摘要确认,待从 PDF/全文确认,GUI/button/shared-control interface,"control/impedance parameters, mode switching / intent",not confirmed,MO_Kp / MO_Kd / MO_OverwriteKpGain,medium,future extension,71,最贴近低频优化 DMP/阻抗参数的接入方式；可映射到 MO_Kp/MO_Kd；语义/治疗师输入可作为高层参数或模式选择接口，但优先级低于优化器和状态估计器
Learning to Assist Different Wearers in Multitasks: Efficient and Individualized Human-in-the-Loop Adaptation Framework for Lower-Limb Exoskeleton,2024,IEEE Transactions on Robotics,10.1109/tro.2024.3468768,manual_pdf,参数优化器,"impedance control, DMP, low-frequency optimizer","助力强度/Amplitude/torque profile, MO_Kp/MO_Kd/阻抗参数","comfort score, safety constraint",待确认,未从摘要确认,"comfort score, safety constraint",not semantic / not reported,"trajectory or gait features, mode switching / intent",yes/likely,"Amplitude / assistive torque / SafeTorque, MO_Kp / MO_Kd / MO_OverwriteKpGain, SafeTorque / safety constraints",not applicable,not semantic route,71,最贴近低频优化 DMP/阻抗参数的接入方式；可映射到 MO_Kp/MO_Kd；可映射到 DMP Amplitude 和 SafeTorque 约束
Human-in-the-loop optimization of wearable device parameters using an EMG-based objective function,2024,Wearable Technologies,10.1017/wtc.2024.9,open_access_pdf,参数优化器,low-frequency optimizer,"助力强度/Amplitude/torque profile, tau/持续时间",EMG reduction/activity,EMG,未从摘要确认,EMG reduction/activity,not semantic / not reported,control/impedance parameters,yes/likely,"Amplitude / assistive torque / SafeTorque, tau",not applicable,not semantic route,71,最贴近低频优化 DMP/阻抗参数的接入方式；可映射到 DMP Amplitude 和 SafeTorque 约束；涉及本研究不使用的 EMG/IMU，仅作方法参考，不作为直接实现模板
Human-in-the-loop optimization of active plantarflexion exoskeleton assistance for one individual with chronic stroke,2019,Gait &amp; Posture,10.1016/j.gaitpost.2019.07.155,manual_pdf,参数优化器,"low-frequency optimizer, high-level interface",助力强度/Amplitude/torque profile,gait symmetry,治疗师/语义输入,stroke participants/patients（数量待查 PDF）,gait symmetry,therapist instruction / clinical goal,trajectory or gait features,not confirmed,Amplitude / assistive torque / SafeTorque,medium,future extension,71,最贴近低频优化 DMP/阻抗参数的接入方式；可映射到 DMP Amplitude 和 SafeTorque 约束；语义/治疗师输入可作为高层参数或模式选择接口，但优先级低于优化器和状态估计器
"Comparing optimized exoskeleton assistance of the hip, knee, and ankle in single and multi-joint configurations",2021,bioRxiv (Cold Spring Harbor Laboratory),10.1101/2021.02.19.431882,open_access_pdf,参数优化器,low-frequency optimizer,助力强度/Amplitude/torque profile,metabolic cost,IMU,未从摘要确认,metabolic cost,not semantic / not reported,not reported,not confirmed,Amplitude / assistive torque / SafeTorque,not applicable,not semantic route,69,最贴近低频优化 DMP/阻抗参数的接入方式；可映射到 DMP Amplitude 和 SafeTorque 约束；涉及本研究不使用的 EMG/IMU，仅作方法参考，不作为直接实现模板
Human-in-the-Loop Optimization of Knee Exoskeleton Assistance for Minimizing User’s Metabolic and Muscular Effort,2024,Sensors,10.3390/s24113305,abstract_only,参数优化器,"PD/torque control, low-frequency optimizer",助力强度/Amplitude/torque profile,"metabolic cost, interaction torque/force",膝力矩/交互力矩,未从摘要确认,"metabolic cost, interaction torque/force",not semantic / not reported,"control/impedance parameters, mode switching / intent",not confirmed,Amplitude / assistive torque / SafeTorque,not applicable,not semantic route,69,最贴近低频优化 DMP/阻抗参数的接入方式；可映射到 DMP Amplitude 和 SafeTorque 约束
Dynamic Movement Primitives Based Robot Skills Learning,2023,Machine Intelligence Research,10.1007/s11633-022-1346-z,open_access_pdf,轨迹生成器/学习器,"impedance control, DMP","MO_Kp/MO_Kd/阻抗参数, tau/持续时间",待确认,膝速度,未从摘要确认,待从 PDF/全文确认,not semantic / not reported,"trajectory or gait features, mode switching / intent",yes/likely,"tau, MO_Kp / MO_Kd / MO_OverwriteKpGain",not applicable,not semantic route,68,可映射到 MO_Kp/MO_Kd
Adaptive Modular Neural Control for Online Gait Synchronization and Adaptation of an Assistive Lower-Limb Exoskeleton,2023,IEEE Transactions on Neural Networks and Learning Systems,10.1109/tnnls.2023.3263044,open_access_pdf,参数优化器,"impedance control, low-frequency optimizer","助力时机/phase_offset, 助力强度/Amplitude/torque profile, MO_Kp/MO_Kd/阻抗参数, tau/持续时间",interaction torque/force,膝力矩/交互力矩,未从摘要确认,interaction torque/force,not semantic / not reported,trajectory or gait features,not confirmed,"Amplitude / assistive torque / SafeTorque, phase_offset / Phi / Phase0Event, tau, MO_Kp / MO_Kd / MO_OverwriteKpGain",not applicable,not semantic route,68,最贴近低频优化 DMP/阻抗参数的接入方式；可映射到 MO_Kp/MO_Kd；可映射到 AO/Phi/Phase0Event 与 phase_offset；可映射到 DMP Amplitude 和 SafeTorque 约束
Adaptive Gait Planning with Dynamic Movement Primitives for Walking Assistance Lower Exoskeleton in Uphill Slopes,2020,Sensors and Materials,10.18494/sam.2020.2550,open_access_pdf,轨迹生成器/学习器,"impedance control, DMP","助力强度/Amplitude/torque profile, MO_Kp/MO_Kd/阻抗参数",stability,IMU,未从摘要确认,stability,not semantic / not reported,"control/impedance parameters, trajectory or gait features, mode switching / intent",yes/likely,"Amplitude / assistive torque / SafeTorque, MO_Kp / MO_Kd / MO_OverwriteKpGain",not applicable,not semantic route,68,可映射到 MO_Kp/MO_Kd；可映射到 DMP Amplitude 和 SafeTorque 约束；涉及本研究不使用的 EMG/IMU，仅作方法参考，不作为直接实现模板
Distributed Impedance Control of Coordinated Dissimilar Upper-limb Exoskeleton Robots,2023,,10.36227/techrxiv.21679430.v2,abstract_only,参数优化器,"impedance control, low-frequency optimizer",MO_Kp/MO_Kd/阻抗参数,"comfort score, stability","IMU, 足底压力/力传感",未从摘要确认,"comfort score, stability",not semantic / not reported,mode switching / intent,yes/likely,MO_Kp / MO_Kd / MO_OverwriteKpGain,not applicable,not semantic route,68,最贴近低频优化 DMP/阻抗参数的接入方式；可映射到 MO_Kp/MO_Kd；涉及本研究不使用的 EMG/IMU，仅作方法参考，不作为直接实现模板
Distributed Impedance Control of Coordinated Dissimilar Upper-Limb Exoskeleton Arms,2023,,10.36227/techrxiv.21679430.v3,abstract_only,参数优化器,"impedance control, low-frequency optimizer",MO_Kp/MO_Kd/阻抗参数,"comfort score, stability","IMU, 足底压力/力传感",未从摘要确认,"comfort score, stability",not semantic / not reported,mode switching / intent,yes/likely,MO_Kp / MO_Kd / MO_OverwriteKpGain,not applicable,not semantic route,68,最贴近低频优化 DMP/阻抗参数的接入方式；可映射到 MO_Kp/MO_Kd；涉及本研究不使用的 EMG/IMU，仅作方法参考，不作为直接实现模板
"Electromyography Signal Acquisition, Filtering, and Data Analysis for Exoskeleton Development",2025,Sensors,10.3390/s25134004,manual_pdf,轨迹生成器/学习器,"impedance control, DMP",MO_Kp/MO_Kd/阻抗参数,EMG reduction/activity,EMG,未从摘要确认,EMG reduction/activity,not semantic / not reported,mode switching / intent,not confirmed,MO_Kp / MO_Kd / MO_OverwriteKpGain,not applicable,not semantic route,67,可映射到 MO_Kp/MO_Kd；涉及本研究不使用的 EMG/IMU，仅作方法参考，不作为直接实现模板
Optimization and evaluation of lower limb exoskeleton based on human-exo coupling dynamics,2025,,10.52843/cassyni.ctzs0d,abstract_only,参数优化器,"impedance control, low-frequency optimizer, high-level interface",MO_Kp/MO_Kd/阻抗参数,EMG reduction/activity,"足底压力/力传感, EMG, 治疗师/语义输入",未从摘要确认,EMG reduction/activity,not semantic / not reported,"control/impedance parameters, trajectory or gait features, mode switching / intent",yes/likely,MO_Kp / MO_Kd / MO_OverwriteKpGain,medium,secondary angle only,67,最贴近低频优化 DMP/阻抗参数的接入方式；可映射到 MO_Kp/MO_Kd；语义/治疗师输入可作为高层参数或模式选择接口，但优先级低于优化器和状态估计器；涉及本研究不使用的 EMG/IMU，仅作方法参考，不作为直接实现模板
Validation of Dynamic Bayesian Optimization for a Non-Stationary Human-in-the-Loop Optimization Problem,2025,,10.1101/2025.09.08.674907,abstract_only,参数优化器,low-frequency optimizer,tau/持续时间,待确认,"IMU, 膝力矩/交互力矩",healthy participants（数量待查 PDF）,待从 PDF/全文确认,not semantic / not reported,"control/impedance parameters, mode switching / intent",yes/likely,"Amplitude / assistive torque / SafeTorque, tau",not applicable,not semantic route,67,最贴近低频优化 DMP/阻抗参数的接入方式；涉及本研究不使用的 EMG/IMU，仅作方法参考，不作为直接实现模板
Adaptive Control of Exoskeleton Robots for Periodic Assistive Behaviours Based on EMG Feedback Minimisation,2016,PLoS ONE,10.1371/journal.pone.0148942,open_access_pdf,轨迹生成器/学习器,"impedance control, DMP","助力时机/phase_offset, 助力强度/Amplitude/torque profile, MO_Kp/MO_Kd/阻抗参数, tau/持续时间",EMG reduction/activity,"膝力矩/交互力矩, EMG",未从摘要确认,EMG reduction/activity,not semantic / not reported,"control/impedance parameters, trajectory or gait features, mode switching / intent",yes/likely,"Amplitude / assistive torque / SafeTorque, phase_offset / Phi / Phase0Event, tau, MO_Kp / MO_Kd / MO_OverwriteKpGain",not applicable,not semantic route,65,可映射到 MO_Kp/MO_Kd；可映射到 AO/Phi/Phase0Event 与 phase_offset；可映射到 DMP Amplitude 和 SafeTorque 约束；涉及本研究不使用的 EMG/IMU，仅作方法参考，不作为直接实现模板
Exoskeleton robot control for synchronous walking assistance in repetitive manual handling works based on dual unscented Kalman filter,2018,PLoS ONE,10.1371/journal.pone.0200193,open_access_pdf,轨迹生成器/学习器,"impedance control, DMP","助力强度/Amplitude/torque profile, MO_Kp/MO_Kd/阻抗参数, tau/持续时间",EMG reduction/activity,"足底压力/力传感, 膝速度, EMG",未从摘要确认,EMG reduction/activity,not semantic / not reported,"trajectory or gait features, mode switching / intent",yes/likely,"Amplitude / assistive torque / SafeTorque, tau, MO_Kp / MO_Kd / MO_OverwriteKpGain",not applicable,not semantic route,65,可映射到 MO_Kp/MO_Kd；可映射到 DMP Amplitude 和 SafeTorque 约束；涉及本研究不使用的 EMG/IMU，仅作方法参考，不作为直接实现模板
Human-Robot Variable Impedance Skill Transfer Learning Based on Dynamic Movement Primitives and Vision System,2025,,10.20944/preprints202507.0153.v1,abstract_only,轨迹生成器/学习器,"impedance control, DMP",MO_Kp/MO_Kd/阻抗参数,"EMG reduction/activity, stability, safety constraint",EMG,未从摘要确认,"EMG reduction/activity, stability, safety constraint",not semantic / not reported,"control/impedance parameters, mode switching / intent",yes/likely,"MO_Kp / MO_Kd / MO_OverwriteKpGain, SafeTorque / safety constraints",not applicable,not semantic route,65,可映射到 MO_Kp/MO_Kd；涉及本研究不使用的 EMG/IMU，仅作方法参考，不作为直接实现模板
A Framework for Composite Layup Skill Learning and Generalizing Through Teleoperation,2022,Frontiers in Neurorobotics,10.3389/fnbot.2022.840240,open_access_pdf,参数优化器,"impedance control, DMP, low-frequency optimizer",MO_Kp/MO_Kd/阻抗参数,待确认,待确认,未从摘要确认,待从 PDF/全文确认,not semantic / not reported,mode switching / intent,not confirmed,MO_Kp / MO_Kd / MO_OverwriteKpGain,not applicable,not semantic route,64,最贴近低频优化 DMP/阻抗参数的接入方式；可映射到 MO_Kp/MO_Kd
Human-In-The-Loop Optimization Of Knee Exoskeleton Assistance For Minimizing User’s Metabolic And Muscular Effort,2024,Preprints.org,10.20944/preprints202403.1732.v1,abstract_only,参数优化器,"PD/torque control, low-frequency optimizer, high-level interface",助力强度/Amplitude/torque profile,"metabolic cost, interaction torque/force","膝力矩/交互力矩, 治疗师/语义输入",未从摘要确认,"metabolic cost, interaction torque/force",therapist instruction / clinical goal,"control/impedance parameters, mode switching / intent",not confirmed,Amplitude / assistive torque / SafeTorque,medium,future extension,64,最贴近低频优化 DMP/阻抗参数的接入方式；可映射到 DMP Amplitude 和 SafeTorque 约束；语义/治疗师输入可作为高层参数或模式选择接口，但优先级低于优化器和状态估计器
The Effects of Incline Level on Optimized Lower-Limb Exoskeleton Assistance,2021,,10.1101/2021.09.13.460170,abstract_only,参数优化器,"low-frequency optimizer, high-level interface",助力强度/Amplitude/torque profile,"metabolic cost, comfort score","膝力矩/交互力矩, 治疗师/语义输入",未从摘要确认,"metabolic cost, comfort score",not semantic / not reported,not reported,not confirmed,Amplitude / assistive torque / SafeTorque,medium,future extension,64,最贴近低频优化 DMP/阻抗参数的接入方式；可映射到 DMP Amplitude 和 SafeTorque 约束；语义/治疗师输入可作为高层参数或模式选择接口，但优先级低于优化器和状态估计器
"Improving CMA-ES Convergence Speed, Efficiency, and Reliability in Noisy Robot Optimization Problems",2026,ArXiv.org,,open_access_pdf,参数优化器,low-frequency optimizer,"助力强度/Amplitude/torque profile, tau/持续时间",待确认,IMU,未从摘要确认,待从 PDF/全文确认,not semantic / not reported,control/impedance parameters,yes/likely,"Amplitude / assistive torque / SafeTorque, tau",not applicable,not semantic route,63,最贴近低频优化 DMP/阻抗参数的接入方式；可映射到 DMP Amplitude 和 SafeTorque 约束；涉及本研究不使用的 EMG/IMU，仅作方法参考，不作为直接实现模板
Simplifying rehabilitation control of lower-limb exoskeletons in five ambulation modes via dataset-driven state-machine calibration,2026,Journal of NeuroEngineering and Rehabilitation,10.1186/s12984-026-01917-8,open_access_pdf,参数优化器,"impedance control, low-frequency optimizer, high-level interface","助力时机/phase_offset, 助力强度/Amplitude/torque profile, MO_Kp/MO_Kd/阻抗参数, tau/持续时间",待确认,治疗师/语义输入,19 healthy,待从 PDF/全文确认,therapist instruction / clinical goal,"control/impedance parameters, trajectory or gait features, mode switching / intent",not confirmed,"Amplitude / assistive torque / SafeTorque, phase_offset / Phi / Phase0Event, tau, MO_Kp / MO_Kd / MO_OverwriteKpGain",medium,future extension,63,最贴近低频优化 DMP/阻抗参数的接入方式；可映射到 MO_Kp/MO_Kd；可映射到 AO/Phi/Phase0Event 与 phase_offset；可映射到 DMP Amplitude 和 SafeTorque 约束；语义/治疗师输入可作为高层参数或模式选择接口，但优先级低于优化器和状态估计器
Review of control strategies for lower-limb exoskeletons to assist gait,2021,Journal of NeuroEngineering and Rehabilitation,10.1186/s12984-021-00906-3,open_access_pdf,轨迹生成器/学习器,"impedance control, DMP, PD/torque control","助力强度/Amplitude/torque profile, MO_Kp/MO_Kd/阻抗参数, tau/持续时间",待确认,膝力矩/交互力矩,未从摘要确认,待从 PDF/全文确认,GUI/button/shared-control interface,"trajectory or gait features, mode switching / intent",not confirmed,"Amplitude / assistive torque / SafeTorque, tau, MO_Kp / MO_Kd / MO_OverwriteKpGain",not applicable,not semantic route,61,可映射到 MO_Kp/MO_Kd；可映射到 DMP Amplitude 和 SafeTorque 约束
Learning Physical Human–Robot Interaction With Coupled Cooperative Primitives for a Lower Exoskeleton,2019,IEEE Transactions on Automation Science and Engineering,10.1109/tase.2018.2886376,manual_pdf,轨迹生成器/学习器,"impedance control, DMP","助力强度/Amplitude/torque profile, MO_Kp/MO_Kd/阻抗参数",待确认,待确认,未从摘要确认,待从 PDF/全文确认,not semantic / not reported,"control/impedance parameters, trajectory or gait features, mode switching / intent",yes/likely,"Amplitude / assistive torque / SafeTorque, MO_Kp / MO_Kd / MO_OverwriteKpGain",not applicable,not semantic route,61,可映射到 MO_Kp/MO_Kd；可映射到 DMP Amplitude 和 SafeTorque 约束
Biologically Inspired Motion Modeling and Neural Control for Robot Learning From Demonstrations,2018,IEEE Transactions on Cognitive and Developmental Systems,10.1109/tcds.2018.2866477,open_access_pdf,轨迹生成器/学习器,"impedance control, DMP",MO_Kp/MO_Kd/阻抗参数,待确认,待确认,未从摘要确认,待从 PDF/全文确认,not semantic / not reported,mode switching / intent,yes/likely,MO_Kp / MO_Kd / MO_OverwriteKpGain,not applicable,not semantic route,61,可映射到 MO_Kp/MO_Kd
Optimizing Exoskeleton Assistance for Faster Self-Selected Walking,2021,IEEE Transactions on Neural Systems and Rehabilitation Engineering,10.1109/tnsre.2021.3074154,open_access_pdf,参数优化器,low-frequency optimizer,"助力强度/Amplitude/torque profile, tau/持续时间","metabolic cost, comfort score",膝力矩/交互力矩,healthy participants（数量待查 PDF）,"metabolic cost, comfort score",not semantic / not reported,trajectory or gait features,not confirmed,"Amplitude / assistive torque / SafeTorque, tau",not applicable,not semantic route,61,最贴近低频优化 DMP/阻抗参数的接入方式；可映射到 DMP Amplitude 和 SafeTorque 约束
Learning Cooperative Primitives with physical Human-Robot Interaction for a HUman-powered Lower EXoskeleton,2016,,10.1109/iros.2016.7759787,manual_pdf,轨迹生成器/学习器,"impedance control, DMP","助力强度/Amplitude/torque profile, MO_Kp/MO_Kd/阻抗参数",待确认,待确认,未从摘要确认,待从 PDF/全文确认,not semantic / not reported,"control/impedance parameters, trajectory or gait features, mode switching / intent",yes/likely,"Amplitude / assistive torque / SafeTorque, MO_Kp / MO_Kd / MO_OverwriteKpGain",not applicable,not semantic route,61,可映射到 MO_Kp/MO_Kd；可映射到 DMP Amplitude 和 SafeTorque 约束
Exoskeleton Active Walking Assistance Control Framework Based on Frequency Adaptive Dynamics Movement Primitives,2021,Frontiers in Neurorobotics,10.3389/fnbot.2021.672582,open_access_pdf,轨迹生成器/学习器,"impedance control, DMP","助力时机/phase_offset, 助力强度/Amplitude/torque profile, MO_Kp/MO_Kd/阻抗参数, tau/持续时间",待确认,"IMU, 膝力矩/交互力矩",未从摘要确认,待从 PDF/全文确认,not semantic / not reported,"trajectory or gait features, mode switching / intent",yes/likely,"Amplitude / assistive torque / SafeTorque, phase_offset / Phi / Phase0Event, tau, MO_Kp / MO_Kd / MO_OverwriteKpGain",not applicable,not semantic route,61,可映射到 MO_Kp/MO_Kd；可映射到 AO/Phi/Phase0Event 与 phase_offset；可映射到 DMP Amplitude 和 SafeTorque 约束；涉及本研究不使用的 EMG/IMU，仅作方法参考，不作为直接实现模板
"Current developments of robotic hip exoskeleton toward sensing, decision, and actuation: A review",2022,Wearable Technologies,10.1017/wtc.2022.11,open_access_pdf,参数优化器,"impedance control, low-frequency optimizer","助力时机/phase_offset, MO_Kp/MO_Kd/阻抗参数",待确认,"足底压力/力传感, 膝力矩/交互力矩",healthy participants（数量待查 PDF）,待从 PDF/全文确认,not semantic / not reported,"trajectory or gait features, mode switching / intent",not confirmed,"Amplitude / assistive torque / SafeTorque, phase_offset / Phi / Phase0Event, MO_Kp / MO_Kd / MO_OverwriteKpGain",not applicable,not semantic route,60,最贴近低频优化 DMP/阻抗参数的接入方式；可映射到 MO_Kp/MO_Kd；可映射到 AO/Phi/Phase0Event 与 phase_offset
Adaptive CPG-Based Impedance Control for Assistive Lower Limb Exoskeleton,2018,2018 IEEE International Conference on Robotics and Biomimetics (ROBIO),10.1109/robio.2018.8664912,manual_pdf,参数优化器,"impedance control, low-frequency optimizer",MO_Kp/MO_Kd/阻抗参数,待确认,待确认,未从摘要确认,待从 PDF/全文确认,not semantic / not reported,not reported,not confirmed,MO_Kp / MO_Kd / MO_OverwriteKpGain,not applicable,not semantic route,59,最贴近低频优化 DMP/阻抗参数的接入方式；可映射到 MO_Kp/MO_Kd
A Bio-Signal Enhanced Adaptive Impedance Controller for Lower Limb Exoskeleton,2020,2020 IEEE International Conference on Robotics and Automation (ICRA),10.1109/icra40945.2020.9196774,manual_pdf,参数优化器,"impedance control, low-frequency optimizer",MO_Kp/MO_Kd/阻抗参数,待确认,待确认,未从摘要确认,待从 PDF/全文确认,not semantic / not reported,not reported,not confirmed,MO_Kp / MO_Kd / MO_OverwriteKpGain,not applicable,not semantic route,59,最贴近低频优化 DMP/阻抗参数的接入方式；可映射到 MO_Kp/MO_Kd
Optimizing lower limb rehabilitation: the intersection of machine learning and rehabilitative robotics,2024,Frontiers in Rehabilitation Sciences,10.3389/fresc.2024.1246773,open_access_pdf,参数优化器,"impedance control, low-frequency optimizer",MO_Kp/MO_Kd/阻抗参数,safety constraint,待确认,stroke participants/patients（数量待查 PDF）,safety constraint,therapist instruction / clinical goal,mode switching / intent,not confirmed,"MO_Kp / MO_Kd / MO_OverwriteKpGain, SafeTorque / safety constraints",not applicable,not semantic route,58,最贴近低频优化 DMP/阻抗参数的接入方式；可映射到 MO_Kp/MO_Kd
Foot contact forces can be used to personalize a wearable robot during human walking,2022,Scientific Reports,10.1038/s41598-022-14776-9,open_access_pdf,参数优化器,low-frequency optimizer,MO_Kp/MO_Kd/阻抗参数,"metabolic cost, gait symmetry","IMU, 足底压力/力传感",8 individuals,"metabolic cost, gait symmetry",not semantic / not reported,control/impedance parameters,yes/likely,MO_Kp / MO_Kd / MO_OverwriteKpGain,not applicable,not semantic route,58,最贴近低频优化 DMP/阻抗参数的接入方式；涉及本研究不使用的 EMG/IMU，仅作方法参考，不作为直接实现模板
ANFIS to estimate damping coefficient from EMG to optimize the interaction force,2016,,10.1109/microcom.2016.7522589,open_access_pdf,控制器/阻抗自适应,"impedance control, high-level interface","助力强度/Amplitude/torque profile, MO_Kp/MO_Kd/阻抗参数","EMG reduction/activity, interaction torque/force","膝角度, 膝力矩/交互力矩, EMG, 治疗师/语义输入",未从摘要确认,"EMG reduction/activity, interaction torque/force",GUI/button/shared-control interface,"control/impedance parameters, mode switching / intent",not confirmed,"Amplitude / assistive torque / SafeTorque, MO_Kp / MO_Kd / MO_OverwriteKpGain",medium,future extension,58,可映射到 MO_Kp/MO_Kd；可映射到 DMP Amplitude 和 SafeTorque 约束；语义/治疗师输入可作为高层参数或模式选择接口，但优先级低于优化器和状态估计器；涉及本研究不使用的 EMG/IMU，仅作方法参考，不作为直接实现模板
Human-In-The-Loop Optimization of A Wearable Robot Using Foot Pressure Sensors,2021,Research Square,10.21203/rs.3.rs-1186504/v1,open_access_pdf,参数优化器,low-frequency optimizer,"助力时机/phase_offset, 助力强度/Amplitude/torque profile, MO_Kp/MO_Kd/阻抗参数","metabolic cost, gait symmetry, comfort score","IMU, 足底压力/力传感",8 individuals,"metabolic cost, gait symmetry, comfort score",not semantic / not reported,"control/impedance parameters, trajectory or gait features",yes/likely,"Amplitude / assistive torque / SafeTorque, phase_offset / Phi / Phase0Event, MO_Kp / MO_Kd / MO_OverwriteKpGain",not applicable,not semantic route,58,最贴近低频优化 DMP/阻抗参数的接入方式；可映射到 AO/Phi/Phase0Event 与 phase_offset；可映射到 DMP Amplitude 和 SafeTorque 约束；涉及本研究不使用的 EMG/IMU，仅作方法参考，不作为直接实现模板
The exoskeleton expansion: improving walking and running economy,2020,Journal of NeuroEngineering and Rehabilitation,10.1186/s12984-020-00663-9,open_access_pdf,参数优化器,"impedance control, low-frequency optimizer",MO_Kp/MO_Kd/阻抗参数,metabolic cost,待确认,未从摘要确认,metabolic cost,GUI/button/shared-control interface,not reported,not confirmed,MO_Kp / MO_Kd / MO_OverwriteKpGain,not applicable,not semantic route,57,最贴近低频优化 DMP/阻抗参数的接入方式；可映射到 MO_Kp/MO_Kd
DMP-Based Motion Generation for a Walking Exoskeleton Robot Using Reinforcement Learning,2019,IEEE Transactions on Industrial Electronics,10.1109/tie.2019.2916396,manual_pdf,轨迹生成器/学习器,DMP,"助力时机/phase_offset, 助力强度/Amplitude/torque profile",待确认,待确认,未从摘要确认,待从 PDF/全文确认,not semantic / not reported,"control/impedance parameters, trajectory or gait features, mode switching / intent",yes/likely,"Amplitude / assistive torque / SafeTorque, phase_offset / Phi / Phase0Event",not applicable,not semantic route,57,可映射到 AO/Phi/Phase0Event 与 phase_offset；可映射到 DMP Amplitude 和 SafeTorque 约束
Human-in-the-Loop Optimization for Knee Exoskeleton Flexion Assistance,2025,IEEE Robotics and Automation Letters,10.1109/lra.2025.3526558,manual_pdf,参数优化器,low-frequency optimizer,助力强度/Amplitude/torque profile,"metabolic cost, EMG reduction/activity","膝力矩/交互力矩, EMG",未从摘要确认,"metabolic cost, EMG reduction/activity",not semantic / not reported,mode switching / intent,yes/likely,Amplitude / assistive torque / SafeTorque,not applicable,not semantic route,57,最贴近低频优化 DMP/阻抗参数的接入方式；可映射到 DMP Amplitude 和 SafeTorque 约束；涉及本研究不使用的 EMG/IMU，仅作方法参考，不作为直接实现模板
Gait-event-based synchronization and control of a compact portable knee—ankle—foot exoskeleton robot for gait rehabilitation,2018,"Wearable Exoskeleton Systems: Design, control and applications",10.1049/pbce108e_ch8,metadata_only,高层语义/治疗师输入接口,high-level interface,待确认,待确认,"足底压力/力传感, 治疗师/语义输入",未从摘要确认,待从 PDF/全文确认,natural language / LLM,"trajectory or gait features, mode switching / intent",not confirmed,no direct mapping confirmed,high,not suitable for 1-2 month main paper,57,语义方向缺少到控制参数的直接映射，只适合相关工作/未来展望
Modeling and Stiffness-Based Continuous Torque Control of Lightweight Quasi-Direct-Drive Knee Exoskeletons for Versatile Walking Assistance,2022,IEEE Transactions on Robotics,10.1109/tro.2022.3170287,open_access_pdf,参数优化器,"PD/torque control, low-frequency optimizer","助力时机/phase_offset, 助力强度/Amplitude/torque profile, MO_Kp/MO_Kd/阻抗参数, tau/持续时间",待确认,膝力矩/交互力矩,未从摘要确认,待从 PDF/全文确认,not semantic / not reported,"control/impedance parameters, trajectory or gait features, mode switching / intent",yes/likely,"Amplitude / assistive torque / SafeTorque, phase_offset / Phi / Phase0Event, tau, MO_Kp / MO_Kd / MO_OverwriteKpGain",not applicable,not semantic route,56,最贴近低频优化 DMP/阻抗参数的接入方式；可映射到 AO/Phi/Phase0Event 与 phase_offset；可映射到 DMP Amplitude 和 SafeTorque 约束
Hand gestures classification of sEMG signals based on BiLSTM-metaheuristic optimization and hybrid U-Net-MobileNetV2 encoder architecture,2024,Scientific Reports,10.1038/s41598-024-82676-1,open_access_pdf,参数优化器,"impedance control, low-frequency optimizer",MO_Kp/MO_Kd/阻抗参数,EMG reduction/activity,"膝角度, EMG",未从摘要确认,EMG reduction/activity,not semantic / not reported,mode switching / intent,yes/likely,MO_Kp / MO_Kd / MO_OverwriteKpGain,not applicable,not semantic route,56,最贴近低频优化 DMP/阻抗参数的接入方式；可映射到 MO_Kp/MO_Kd；涉及本研究不使用的 EMG/IMU，仅作方法参考，不作为直接实现模板
"A versatile knee exoskeleton mitigates quadriceps fatigue in lifting, lowering, and carrying tasks",2024,Science Robotics,10.1126/scirobotics.adr8282,manual_pdf,参数优化器,low-frequency optimizer,助力强度/Amplitude/torque profile,待确认,膝力矩/交互力矩,未从摘要确认,待从 PDF/全文确认,GUI/button/shared-control interface,"control/impedance parameters, mode switching / intent",not confirmed,Amplitude / assistive torque / SafeTorque,not applicable,not semantic route,55,最贴近低频优化 DMP/阻抗参数的接入方式；可映射到 DMP Amplitude 和 SafeTorque 约束
A Dynamic Movement Primitives-Based Tool Use Skill Learning and Transfer Framework for Robot Manipulation,2024,IEEE Transactions on Automation Science and Engineering,10.1109/tase.2024.3370139,open_access_pdf,轨迹生成器/学习器,"impedance control, DMP",MO_Kp/MO_Kd/阻抗参数,safety constraint,待确认,未从摘要确认,safety constraint,GUI/button/shared-control interface,mode switching / intent,yes/likely,"MO_Kp / MO_Kd / MO_OverwriteKpGain, SafeTorque / safety constraints",not applicable,not semantic route,54,可映射到 MO_Kp/MO_Kd
Dynamic Movement Primitives Modulation-Based Compliance Control for a New Sitting/Lying Lower Limb Rehabilitation Robot,2024,IEEE Access,10.1109/access.2024.3376391,open_access_pdf,轨迹生成器/学习器,"impedance control, DMP",MO_Kp/MO_Kd/阻抗参数,待确认,"IMU, 膝速度",未从摘要确认,待从 PDF/全文确认,not semantic / not reported,trajectory or gait features,yes/likely,MO_Kp / MO_Kd / MO_OverwriteKpGain,not applicable,not semantic route,54,可映射到 MO_Kp/MO_Kd；涉及本研究不使用的 EMG/IMU，仅作方法参考，不作为直接实现模板
Powered knee exoskeleton improves sit-to-stand transitions in stroke patients using electromyographic control,2025,Communications Engineering,10.1038/s44172-025-00440-3,open_access_pdf,参数优化器,low-frequency optimizer,待确认,gait symmetry,膝力矩/交互力矩,stroke participants/patients（数量待查 PDF）,gait symmetry,not semantic / not reported,not reported,not confirmed,Amplitude / assistive torque / SafeTorque,not applicable,not semantic route,54,最贴近低频优化 DMP/阻抗参数的接入方式
A Novel Balance Control Strategy Based on Enhanced Stability Pyramid Index and Dynamic Movement Primitives for a Lower Limb Human-Exoskeleton System,2021,Frontiers in Neurorobotics,10.3389/fnbot.2021.751642,open_access_pdf,轨迹生成器/学习器,"impedance control, DMP",MO_Kp/MO_Kd/阻抗参数,"stability, safety constraint",IMU,未从摘要确认,"stability, safety constraint",not semantic / not reported,trajectory or gait features,yes/likely,"MO_Kp / MO_Kd / MO_OverwriteKpGain, SafeTorque / safety constraints",not applicable,not semantic route,54,可映射到 MO_Kp/MO_Kd；涉及本研究不使用的 EMG/IMU，仅作方法参考，不作为直接实现模板
Optimized hip-knee-ankle exoskeleton assistance reduces the metabolic cost of walking with worn loads,2021,Journal of NeuroEngineering and Rehabilitation,10.1186/s12984-021-00955-8,open_access_pdf,参数优化器,low-frequency optimizer,"助力时机/phase_offset, 助力强度/Amplitude/torque profile",metabolic cost,"足底压力/力传感, 膝力矩/交互力矩",未从摘要确认,metabolic cost,not semantic / not reported,control/impedance parameters,not confirmed,"Amplitude / assistive torque / SafeTorque, phase_offset / Phi / Phase0Event",not applicable,not semantic route,53,最贴近低频优化 DMP/阻抗参数的接入方式；可映射到 AO/Phi/Phase0Event 与 phase_offset；可映射到 DMP Amplitude 和 SafeTorque 约束
Lower limb biomechanics of fully trained exoskeleton users reveal complex mechanisms behind the reductions in energy cost with human-in-the-loop optimization,2024,Frontiers in Robotics and AI,10.3389/frobt.2024.1283080,open_access_pdf,参数优化器,low-frequency optimizer,助力强度/Amplitude/torque profile,metabolic cost,膝力矩/交互力矩,未从摘要确认,metabolic cost,not semantic / not reported,not reported,not confirmed,Amplitude / assistive torque / SafeTorque,not applicable,not semantic route,53,最贴近低频优化 DMP/阻抗参数的接入方式；可映射到 DMP Amplitude 和 SafeTorque 约束
Passive Knee Exoskeleton Increases Vertical Jump Height,2022,IEEE Transactions on Neural Systems and Rehabilitation Engineering,10.1109/tnsre.2022.3187056,manual_pdf,参数优化器,low-frequency optimizer,助力时机/phase_offset,metabolic cost,待确认,healthy participants（数量待查 PDF）,metabolic cost,not semantic / not reported,mode switching / intent,yes/likely,phase_offset / Phi / Phase0Event,not applicable,not semantic route,53,最贴近低频优化 DMP/阻抗参数的接入方式；可映射到 AO/Phi/Phase0Event 与 phase_offset
A review of current state-of-the-art control methods for lower-limb powered prostheses,2023,Annual Reviews in Control,10.1016/j.arcontrol.2023.03.003,manual_pdf,参数优化器,"impedance control, low-frequency optimizer",MO_Kp/MO_Kd/阻抗参数,待确认,待确认,未从摘要确认,待从 PDF/全文确认,not semantic / not reported,not reported,not confirmed,MO_Kp / MO_Kd / MO_OverwriteKpGain,not applicable,not semantic route,52,最贴近低频优化 DMP/阻抗参数的接入方式；可映射到 MO_Kp/MO_Kd
SMAT: Staged Multi-Agent Training for Co-Adaptive Exoskeleton Control,2026,arXiv,10.48550/arXiv.2603.07618,open_access_pdf,轨迹生成器/学习器,待确认,"助力时机/phase_offset, 助力强度/Amplitude/torque profile",stability,"IMU, 膝力矩/交互力矩",未从摘要确认,stability,not semantic / not reported,"trajectory or gait features, mode switching / intent",yes/likely,"Amplitude / assistive torque / SafeTorque, phase_offset / Phi / Phase0Event",not applicable,not semantic route,48,可映射到 AO/Phi/Phase0Event 与 phase_offset；可映射到 DMP Amplitude 和 SafeTorque 约束；涉及本研究不使用的 EMG/IMU，仅作方法参考，不作为直接实现模板
Virtual Technician: A multi-modal interface facilitating therapists' adoption of rehab robots,2026,,10.18416/AUTOMED.2026.2512,open_access_pdf,高层语义/治疗师输入接口,high-level interface,待确认,safety constraint,治疗师/语义输入,未从摘要确认,safety constraint,natural language / LLM,mode switching / intent,not confirmed,SafeTorque / safety constraints,medium,future extension,5,语义/治疗师输入可作为高层参数或模式选择接口，但优先级低于优化器和状态估计器
LLM-Enabled Incremental Learning Framework for Hand Exoskeleton Control,2025,,10.1109/TASE.2024.3382679,manual_pdf,高层语义/治疗师输入接口,high-level interface,待确认,safety constraint,治疗师/语义输入,未从摘要确认,safety constraint,natural language / LLM,mode switching / intent,not confirmed,SafeTorque / safety constraints,medium,future extension,15,语义/治疗师输入可作为高层参数或模式选择接口，但优先级低于优化器和状态估计器
A Semantic-Aware Framework for Safe and Intent-Integrative Assistance in Upper-Limb Exoskeletons,2025,arXiv,10.48550/arXiv.2508.10378,open_access_pdf,高层语义/治疗师输入接口,high-level interface,助力强度/Amplitude/torque profile,safety constraint,治疗师/语义输入,未从摘要确认,safety constraint,natural language / LLM,mode switching / intent,not confirmed,"Amplitude / assistive torque / SafeTorque, SafeTorque / safety constraints",medium,future extension,22,可映射到 DMP Amplitude 和 SafeTorque 约束；语义/治疗师输入可作为高层参数或模式选择接口，但优先级低于优化器和状态估计器
"Do As I Can, Not As I Say: Grounding Language in Robotic Affordances",2023,arXiv,10.48550/arXiv.2204.01691,open_access_pdf,高层语义/治疗师输入接口,high-level interface,待确认,safety constraint,治疗师/语义输入,未从摘要确认,safety constraint,natural language / LLM,mode switching / intent,not confirmed,SafeTorque / safety constraints,medium,future extension,5,语义/治疗师输入可作为高层参数或模式选择接口，但优先级低于优化器和状态估计器
Code as Policies: Language Model Programs for Embodied Control,2023,,10.1109/ICRA48891.2023.10160591,open_access_pdf,高层语义/治疗师输入接口,high-level interface,待确认,safety constraint,治疗师/语义输入,未从摘要确认,safety constraint,natural language / LLM,mode switching / intent,not confirmed,SafeTorque / safety constraints,medium,future extension,5,语义/治疗师输入可作为高层参数或模式选择接口，但优先级低于优化器和状态估计器
ProgPrompt: Generating Situated Robot Task Plans using Large Language Models,2023,,10.1109/ICRA48891.2023.10161317,open_access_pdf,高层语义/治疗师输入接口,high-level interface,待确认,safety constraint,治疗师/语义输入,未从摘要确认,safety constraint,natural language / LLM,mode switching / intent,not confirmed,SafeTorque / safety constraints,medium,future extension,5,语义/治疗师输入可作为高层参数或模式选择接口，但优先级低于优化器和状态估计器
Inner Monologue: Embodied Reasoning through Planning with Language Models,2023,arXiv,10.48550/arXiv.2207.05608,open_access_pdf,高层语义/治疗师输入接口,high-level interface,待确认,safety constraint,治疗师/语义输入,未从摘要确认,safety constraint,natural language / LLM,mode switching / intent,not confirmed,SafeTorque / safety constraints,medium,future extension,5,语义/治疗师输入可作为高层参数或模式选择接口，但优先级低于优化器和状态估计器
RT-2: Vision-Language-Action Models Transfer Web Knowledge to Robotic Control,2023,arXiv,10.48550/arXiv.2307.15818,open_access_pdf,高层语义/治疗师输入接口,high-level interface,待确认,safety constraint,治疗师/语义输入,未从摘要确认,safety constraint,natural language / LLM,mode switching / intent,not confirmed,SafeTorque / safety constraints,medium,future extension,5,语义/治疗师输入可作为高层参数或模式选择接口，但优先级低于优化器和状态估计器
VoxPoser: Composable 3D Value Maps for Robotic Manipulation with Language Models,2023,arXiv,10.48550/arXiv.2307.05973,open_access_pdf,高层语义/治疗师输入接口,high-level interface,待确认,safety constraint,治疗师/语义输入,未从摘要确认,safety constraint,natural language / LLM,mode switching / intent,not confirmed,SafeTorque / safety constraints,medium,future extension,5,语义/治疗师输入可作为高层参数或模式选择接口，但优先级低于优化器和状态估计器
AHA: A Vision-Language-Model for Detecting and Reasoning Over Failures in Robotic Manipulation,2024,arXiv,10.48550/arXiv.2410.00371,open_access_pdf,高层语义/治疗师输入接口,high-level interface,待确认,safety constraint,治疗师/语义输入,未从摘要确认,safety constraint,natural language / LLM,mode switching / intent,not confirmed,SafeTorque / safety constraints,medium,future extension,5,语义/治疗师输入可作为高层参数或模式选择接口，但优先级低于优化器和状态估计器
Enhancing Robotic Manipulation with AI Feedback from Multimodal Large Language Models,2024,arXiv,10.48550/arXiv.2402.14245,open_access_pdf,高层语义/治疗师输入接口,high-level interface,待确认,safety constraint,治疗师/语义输入,未从摘要确认,safety constraint,natural language / LLM,mode switching / intent,not confirmed,SafeTorque / safety constraints,medium,future extension,5,语义/治疗师输入可作为高层参数或模式选择接口，但优先级低于优化器和状态估计器
Learning to Learn Faster from Human Feedback with Language Model Predictive Control,2024,arXiv,10.48550/arXiv.2402.11450,open_access_pdf,高层语义/治疗师输入接口,high-level interface,待确认,safety constraint,治疗师/语义输入,未从摘要确认,safety constraint,natural language / LLM,mode switching / intent,not confirmed,SafeTorque / safety constraints,medium,future extension,5,语义/治疗师输入可作为高层参数或模式选择接口，但优先级低于优化器和状态估计器
LLM-Guided Safety Agent for Edge Robotics with an ISO-Compliant Perception-Compute-Control Architecture,2026,arXiv,10.48550/arXiv.2604.20193,open_access_pdf,高层语义/治疗师输入接口,high-level interface,待确认,safety constraint,治疗师/语义输入,未从摘要确认,safety constraint,natural language / LLM,mode switching / intent,not confirmed,SafeTorque / safety constraints,medium,future extension,5,语义/治疗师输入可作为高层参数或模式选择接口，但优先级低于优化器和状态估计器
Speech-Based Human-Exoskeleton Interaction for Lower Limb Motion Planning,2023,arXiv,10.48550/arXiv.2310.03137,open_access_pdf,高层语义/治疗师输入接口,high-level interface,待确认,safety constraint,治疗师/语义输入,未从摘要确认,safety constraint,natural language / LLM,mode switching / intent,not confirmed,SafeTorque / safety constraints,medium,future extension,15,语义/治疗师输入可作为高层参数或模式选择接口，但优先级低于优化器和状态估计器
Upper-Limb Rehabilitation with a Dual-Mode Individualized Exoskeleton Robot: A Generative-Model-Based Solution,2024,arXiv,10.48550/arXiv.2409.03193,open_access_pdf,高层语义/治疗师输入接口,high-level interface,待确认,safety constraint,治疗师/语义输入,未从摘要确认,safety constraint,natural language / LLM,mode switching / intent,not confirmed,SafeTorque / safety constraints,medium,future extension,15,语义/治疗师输入可作为高层参数或模式选择接口，但优先级低于优化器和状态估计器
A novel gesture interaction control method for rehabilitation lower extremity exoskeleton,2025,arXiv,10.48550/arXiv.2504.01888,open_access_pdf,高层语义/治疗师输入接口,high-level interface,待确认,safety constraint,治疗师/语义输入,未从摘要确认,safety constraint,natural language / LLM,mode switching / intent,not confirmed,SafeTorque / safety constraints,medium,future extension,15,语义/治疗师输入可作为高层参数或模式选择接口，但优先级低于优化器和状态估计器
Plug in the Safety Chip: Enforcing Constraints for LLM-driven Robot Agents,2024,,10.1109/ICRA57147.2024.10611447,open_access_pdf,高层语义/治疗师输入接口,high-level interface,待确认,safety constraint,治疗师/语义输入,未从摘要确认,safety constraint,natural language / LLM,mode switching / intent,not confirmed,SafeTorque / safety constraints,medium,future extension,5,语义/治疗师输入可作为高层参数或模式选择接口，但优先级低于优化器和状态估计器
Updating Robot Safety Representations Online From Natural Language Feedback,2026,,,manual_pdf,高层语义/治疗师输入接口,high-level interface,待确认,safety constraint,治疗师/语义输入,未从摘要确认,safety constraint,natural language / LLM,mode switching / intent,not confirmed,SafeTorque / safety constraints,medium,future extension,9,语义/治疗师输入可作为高层参数或模式选择接口，但优先级低于优化器和状态估计器
Model Mediated Teleoperation with a Hand-Arm Exoskeleton in Long Time Delays Using Reinforcement Learning,2020,IEEE RO-MAN,10.1109/RO-MAN47096.2020.9223477,manual_pdf,轨迹生成器/学习器,DMP,待确认,待确认,待确认,未从摘要确认,待从 PDF/全文确认,not semantic / not reported,mode switching / intent,not confirmed,no direct mapping confirmed,not applicable,not semantic route,,与外骨骼 AI 控制相关，但需要全文确认可接入性
Shortcomings of human-in-the-loop optimization of an ankle-foot prosthesis emulator: a case series,2021,Royal Society Open Science,10.1098/rsos.202020,manual_pdf,参数优化器,low-frequency optimizer,待确认,待确认,足底压力/力传感,未从摘要确认,待从 PDF/全文确认,not semantic / not reported,not reported,not confirmed,no direct mapping confirmed,not applicable,not semantic route,,最贴近低频优化 DMP/阻抗参数的接入方式
A Pediatric Knee Exoskeleton With Real-Time Adaptive Control for Overground Walking in Ambulatory Individuals With Cerebral Palsy,2021,Frontiers in Robotics and AI,10.3389/frobt.2021.702137,manual_pdf,待人工确认,待确认,待确认,待确认,待确认,未从摘要确认,待从 PDF/全文确认,not semantic / not reported,trajectory or gait features,not confirmed,no direct mapping confirmed,not applicable,not semantic route,,与外骨骼 AI 控制相关，但需要全文确认可接入性
Explaining Bayesian Optimization by Shapley Values Facilitates Human-AI Collaboration,2024,arXiv,10.48550/arXiv.2403.04629,manual_pdf,参数优化器,low-frequency optimizer,待确认,待确认,待确认,未从摘要确认,待从 PDF/全文确认,not semantic / not reported,not reported,not confirmed,no direct mapping confirmed,not applicable,not semantic route,,最贴近低频优化 DMP/阻抗参数的接入方式
Novel Design on Knee Exoskeleton with Compliant Actuator for Post-Stroke Rehabilitation,2025,Sensors,10.3390/s25010153,manual_pdf,待人工确认,待确认,待确认,safety constraint,待确认,stroke participants/patients（数量待查 PDF）,safety constraint,not semantic / not reported,not reported,not confirmed,SafeTorque / safety constraints,not applicable,not semantic route,,与外骨骼 AI 控制相关，但需要全文确认可接入性
Design optimization platform for assistive wearable devices applied to a knee damper exoskeleton,2025,Wearable Technologies,10.1017/wtc.2025.10016,manual_pdf,参数优化器,low-frequency optimizer,待确认,待确认,待确认,未从摘要确认,待从 PDF/全文确认,not semantic / not reported,not reported,not confirmed,no direct mapping confirmed,not applicable,not semantic route,,最贴近低频优化 DMP/阻抗参数的接入方式
Portable hip exoskeleton improves walking economy for stroke survivors,2026,Nature Communications,10.1038/s41467-026-69580-0,manual_pdf,待人工确认,待确认,待确认,待确认,待确认,stroke participants/patients（数量待查 PDF）,待从 PDF/全文确认,not semantic / not reported,not reported,not confirmed,no direct mapping confirmed,not applicable,not semantic route,,与外骨骼 AI 控制相关，但需要全文确认可接入性
Therapist-exoskeleton-patient interaction for gait therapy,2026,Science Robotics,10.1126/scirobotics.adz9628,manual_pdf,待人工确认,待确认,待确认,待确认,待确认,stroke participants/patients（数量待查 PDF）,待从 PDF/全文确认,therapist instruction / clinical goal,trajectory or gait features,not confirmed,no direct mapping confirmed,not applicable,not semantic route,,与外骨骼 AI 控制相关，但需要全文确认可接入性
基于在线增量DMP的准直驱膝关节外骨骼自适应柔顺控制,2026,仪器仪表学报,10.19650/j.cnki.cjsi.J2614961,manual_pdf,轨迹生成器/学习器,DMP,待确认,待确认,待确认,未从摘要确认,待从 PDF/全文确认,not semantic / not reported,not reported,not confirmed,no direct mapping confirmed,not applicable,not semantic route,,与外骨骼 AI 控制相关，但需要全文确认可接入性
A Semantic-Aware Framework for Safe and Intent-Integrative Assistance in Upper-Limb Exoskeletons,2026,IEEE Robotics and Automation Letters,10.1109/LRA.2026.3677710,manual_pdf,高层语义/治疗师输入接口,high-level interface,助力强度/Amplitude/torque profile,待确认,治疗师/语义输入,未从摘要确认,待从 PDF/全文确认,not semantic / not reported,mode switching / intent,not confirmed,Amplitude / assistive torque / SafeTorque,medium,future extension,28,可映射到 DMP Amplitude 和 SafeTorque 约束；语义/治疗师输入可作为高层参数或模式选择接口，但优先级低于优化器和状态估计器
EIC Framework for Hand Exoskeletons Based on a Multimodal Large Language Model,2025,2025 IEEE/RSJ International Conference on Intelligent Robots and Systems (IROS),10.1109/IROS60139.2025.11246670,manual_pdf,高层语义/治疗师输入接口,high-level interface,待确认,待确认,治疗师/语义输入,未从摘要确认,待从 PDF/全文确认,natural language / LLM,mode switching / intent,yes/likely,no direct mapping confirmed,high,not suitable for 1-2 month main paper,5,语义方向缺少到控制参数的直接映射，只适合相关工作/未来展望
Interpretable Locomotion Prediction in Construction Using a Memory-Driven LLM Agent With Chain-of-Thought Reasoning,2025,arXiv,10.48550/arXiv.2504.15263,manual_pdf,高层语义/治疗师输入接口,high-level interface,助力强度/Amplitude/torque profile,safety constraint,治疗师/语义输入,未从摘要确认,safety constraint,natural language / LLM,mode switching / intent,not confirmed,"Amplitude / assistive torque / SafeTorque, SafeTorque / safety constraints",medium,future extension,17,可映射到 DMP Amplitude 和 SafeTorque 约束；语义/治疗师输入可作为高层参数或模式选择接口，但优先级低于优化器和状态估计器
Upper Limb Rehabilitation Robot Control based on Large Language Model,2024,"2024 International Conference on Computer, Control, Informatics and its Applications (IC3INA)",10.1109/IC3INA64086.2024.10732179,manual_pdf,高层语义/治疗师输入接口,high-level interface,待确认,待确认,治疗师/语义输入,未从摘要确认,待从 PDF/全文确认,natural language / LLM,mode switching / intent,yes/likely,no direct mapping confirmed,high,not suitable for 1-2 month main paper,0,语义方向缺少到控制参数的直接映射，只适合相关工作/未来展望
